INFO     Started server process [865426]                        __init__.py:1762
INFO     Waiting for application startup.                       __init__.py:1762
INFO     Running Kimina Lean Server 'v2.1.3' in dev mode with Lean    main.py:31
         version: 'v4.15.0'                                                     
INFO     REPL manager initialized with: MAX_REPLS=32,              manager.py:58
         MAX_REPL_USES=-1, MAX_REPL_MEM=8192 MB,                                
         HEADER_TIMEOUT=300.0s                                                  
INFO     Application startup complete.                          __init__.py:1762
INFO     Uvicorn running on http://0.0.0.0:8000 (Press CTRL+C   __init__.py:1762
         to quit)                                                               
INFO     Try me with:                                                 main.py:58
           curl --request POST \                                                
             --url http://localhost:8000/api/check \                            
             --header 'Content-Type: application/json' \                        
             --data                                                             
         '{"snippets":[{"id":"check-nat-test","code":"#check Nat"}]}'           
         | jq                                                                   
           curl --request POST \                                                
             --url http://localhost:8000/api/ast \                              
             --header 'Content-Type: application/json' \                        
             --data '{\n    \"modules\": [\"Mathlib\"],\n    \"one\":           
         true,\n    \"timeout\": 3600\n  }' | jq\n  curl --request              
         POST \                                                                 
             --url http://localhost:8000/api/ast_code \                         
             --header 'Content-Type: application/json' \                        
             --data '{\n    \"code\": \"import Mathlib\n#check                  
         Nat\",\n    \"module\": \"User.Code\",\n    \"timeout\":               
         3600\n  }' | jq\n                                                      
INFO     → request                                                   main.py:140
INFO     ← response                                                  main.py:142
INFO     127.0.0.1:47314 - "GET / HTTP/1.1" 200                 __init__.py:1762
INFO     → request                                                   main.py:140
INFO     ← response                                                  main.py:142
INFO     127.0.0.1:59242 - "GET /v1/models HTTP/1.1" 404        __init__.py:1762
INFO     → request                                                   main.py:140
INFO     ← response                                                  main.py:142
INFO     127.0.0.1:55100 - "GET / HTTP/1.1" 200                 __init__.py:1762
INFO     → request                                                   main.py:140
INFO     # Free = 0 | # Busy = 0 | # Max = 32                     manager.py:102
INFO     [1f19a91f] Started                                          repl.py:222
INFO     [1f19a91f] Running snippet                                   repl.py:53
         6732917115614051abc970ac2c9a47b7-header:                               
import Mathlib                                                                  
INFO     [1f19a91f] Running snippet 6732917115614051abc970ac2c9a47b7: repl.py:53
theorem inequalities_7905 {a b c : ℝ} (h₀ : a > b ∧ b > c) (h₁ : (a - b) * (b - 
c) * (c - a) = -1) :                                                            
    a - c ≥ 1.5 := by                                                           
  rcases h₀ with ⟨h01, h02⟩                                                     
  have h03 : a - c > 0 := by linarith                                           
  have pos1 : a - b > 0 := by linarith                                          
  have pos2 : b - c > 0 := by linarith                                          
  have pos3 : c - a < 0 := by linarith                                          
  have h2 : (a - c) * (a - b) * (b - c) = 1 := by                               
    nlinarith                                                                   
  nlinarith [sq_nonneg (a - b - 1), sq_nonneg (b - c - 1), sq_nonneg (a - c -   
1.5),                                                                           
    mul_self_nonneg (a - b - b + c), mul_self_nonneg (a - b - (b - c) * 2 / 3), 
    mul_self_nonneg (b - c - (a - c) * 2 / 3)]                                  
INFO     [1f19a91f] Response summary for                            check.py:227
         6732917115614051abc970ac2c9a47b7 body →                                
         {                                                                      
           "id": "6732917115614051abc970ac2c9a47b7",                            
           "has_response": true,                                                
           "response_keys": [                                                   
             "env",                                                             
             "infotree"                                                         
           ],                                                                   
           "error": null,                                                       
           "time": 6.116,                                                       
           "diagnostics": {                                                     
             "repl_uuid": "1f19a91f-ca54-4242-b267-aa5a55b5a601",               
             "cpu_max": 100.5976095427166,                                      
             "memory_max": 4214095872.0                                         
           }                                                                    
         }                                                                      
INFO     [1f19a91f] Released!                                     manager.py:192
INFO     ← response                                                  main.py:142
INFO     127.0.0.1:48750 - "POST /api/check HTTP/1.1" 200       __init__.py:1762
INFO     → request                                                   main.py:140
INFO     # Free = 1 | # Busy = 0 | # Max = 32                     manager.py:102
INFO     [1f19a91f] Reusing (started) REPL for                    manager.py:116
         9b0524c2fc2243708b19ce34e93fb81f                                       
INFO     [1f19a91f] Running snippet health-check:                     repl.py:53
#eval 1                                                                         
INFO     [1f19a91f] Running snippet 9b0524c2fc2243708b19ce34e93fb81f: repl.py:53
theorem inequalities_7905 {a b c : ℝ} (h₀ : a > b ∧ b > c) (h₁ : (a - b) * (b - 
c) * (c - a) = -1) :                                                            
    a - c ≥ 1.5 := by                                                           
  rcases h₀ with ⟨h01, h02⟩                                                     
  have h03 : a - c > 0 := by linarith                                           
  have pos1 : a - b > 0 := by linarith                                          
  have pos2 : b - c > 0 := by linarith                                          
  have pos3 : c - a < 0 := by linarith                                          
  have h2 : (a - c) * (a - b) * (b - c) = 1 := by                               
    nlinarith                                                                   
  have __certified_error : ¬ ((a - c) * (a - b) * (b - c) = -1) := by           
    nlinarith [h2]                                                              
  have mutated_conclusion : (a - c) * (a - b) * (b - c) = -1 := by              
    nlinarith                                                                   
  nlinarith [sq_nonneg (a - b - 1), sq_nonneg (b - c - 1), sq_nonneg (a - c -   
1.5),                                                                           
    mul_self_nonneg (a - b - b + c), mul_self_nonneg (a - b - (b - c) * 2 / 3), 
    mul_self_nonneg (b - c - (a - c) * 2 / 3)]                                  
INFO     [1f19a91f] Response summary for                            check.py:227
         9b0524c2fc2243708b19ce34e93fb81f body →                                
         {                                                                      
           "id": "9b0524c2fc2243708b19ce34e93fb81f",                            
           "has_response": true,                                                
           "response_keys": [                                                   
             "env",                                                             
             "infotree",                                                        
             "messages"                                                         
           ],                                                                   
           "error": null,                                                       
           "time": 3.059,                                                       
           "diagnostics": {                                                     
             "repl_uuid": "1f19a91f-ca54-4242-b267-aa5a55b5a601",               
             "cpu_max": 99.60159362974802,                                      
             "memory_max": 4239409152.0                                         
           }                                                                    
         }                                                                      
INFO     [1f19a91f] Released!                                     manager.py:192
INFO     ← response                                                  main.py:142
INFO     127.0.0.1:37414 - "POST /api/check HTTP/1.1" 200       __init__.py:1762
INFO     → request                                                   main.py:140
INFO     # Free = 1 | # Busy = 0 | # Max = 32                     manager.py:102
INFO     [1f19a91f] Reusing (started) REPL for                    manager.py:116
         a08b2bdcbb724ab0ba52fded1539d076                                       
INFO     [1f19a91f] Running snippet health-check:                     repl.py:53
#eval 1                                                                         
INFO     [1f19a91f] Running snippet a08b2bdcbb724ab0ba52fded1539d076: repl.py:53
theorem inequalities_7905 {a b c : ℝ} (h₀ : a > b ∧ b > c) (h₁ : (a - b) * (b - 
c) * (c - a) = -1) :                                                            
    a - c ≥ 1.5 := by                                                           
  rcases h₀ with ⟨h01, h02⟩                                                     
  have h03 : a - c > 0 := by linarith                                           
  have pos1 : a - b > 0 := by linarith                                          
  have pos2 : b - c > 0 := by linarith                                          
  have pos3 : c - a < 0 := by linarith                                          
  have __certified_error : ¬ ((a - c) * (a - b) * (b - c) = -1) := by           
    nlinarith [h2]                                                              
  have h2 : (a - c) * (a - b) * (b - c) = 1 := by                               
    nlinarith                                                                   
  nlinarith [sq_nonneg (a - b - 1), sq_nonneg (b - c - 1), sq_nonneg (a - c -   
1.5),                                                                           
    mul_self_nonneg (a - b - b + c), mul_self_nonneg (a - b - (b - c) * 2 / 3), 
    mul_self_nonneg (b - c - (a - c) * 2 / 3)]                                  
INFO     [1f19a91f] Response summary for                            check.py:227
         a08b2bdcbb724ab0ba52fded1539d076 body →                                
         {                                                                      
           "id": "a08b2bdcbb724ab0ba52fded1539d076",                            
           "has_response": true,                                                
           "response_keys": [                                                   
             "env",                                                             
             "infotree",                                                        
             "messages"                                                         
           ],                                                                   
           "error": null,                                                       
           "time": 5.739,                                                       
           "diagnostics": {                                                     
             "repl_uuid": "1f19a91f-ca54-4242-b267-aa5a55b5a601",               
             "cpu_max": 100.69790627853862,                                     
             "memory_max": 4254334976.0                                         
           }                                                                    
         }                                                                      
INFO     [1f19a91f] Released!                                     manager.py:192
INFO     ← response                                                  main.py:142
INFO     127.0.0.1:37414 - "POST /api/check HTTP/1.1" 200       __init__.py:1762
INFO     → request                                                   main.py:140
INFO     # Free = 1 | # Busy = 0 | # Max = 32                     manager.py:102
INFO     [1f19a91f] Reusing (started) REPL for                    manager.py:116
         c5ebb2b9bfd64ab6b98ced1beab835ea                                       
INFO     [1f19a91f] Running snippet health-check:                     repl.py:53
#eval 1                                                                         
INFO     [1f19a91f] Running snippet c5ebb2b9bfd64ab6b98ced1beab835ea: repl.py:53
theorem inequalities_7905 {a b c : ℝ} (h₀ : a > b ∧ b > c) (h₁ : (a - b) * (b - 
c) * (c - a) = -1) :                                                            
    a - c ≥ 1.5 := by                                                           
  rcases h₀ with ⟨h01, h02⟩                                                     
  have h03 : a - c > 0 := by linarith                                           
  have pos1 : a - b > 0 := by linarith                                          
  have pos2 : b - c > 0 := by linarith                                          
  have pos3 : c - a < 0 := by linarith                                          
  have h2 : (a - c) * (a - b) * (b - c) = 1 := by                               
    nlinarith                                                                   
  have __certified_error : ¬ ((a - c) * (a - b) * (b - c) = -1) := by           
    nlinarith [h2]                                                              
  have mutated_conclusion : (a - c) * (a - b) * (b - c) = -1 := by              
    nlinarith [h1]                                                              
  nlinarith [sq_nonneg (a - b - 1), sq_nonneg (b - c - 1), sq_nonneg (a - c -   
1.5),                                                                           
    mul_self_nonneg (a - b - b + c), mul_self_nonneg (a - b - (b - c) * 2 / 3), 
    mul_self_nonneg (b - c - (a - c) * 2 / 3)]                                  
INFO     [1f19a91f] Response summary for                            check.py:227
         c5ebb2b9bfd64ab6b98ced1beab835ea body →                                
         {                                                                      
           "id": "c5ebb2b9bfd64ab6b98ced1beab835ea",                            
           "has_response": true,                                                
           "response_keys": [                                                   
             "env",                                                             
             "infotree",                                                        
             "messages"                                                         
           ],                                                                   
           "error": null,                                                       
           "time": 2.673,                                                       
           "diagnostics": {                                                     
             "repl_uuid": "1f19a91f-ca54-4242-b267-aa5a55b5a601",               
             "cpu_max": 99.70089730548365,                                      
             "memory_max": 4254408704.0                                         
           }                                                                    
         }                                                                      
INFO     [1f19a91f] Released!                                     manager.py:192
INFO     ← response                                                  main.py:142
INFO     127.0.0.1:56482 - "POST /api/check HTTP/1.1" 200       __init__.py:1762
INFO     → request                                                   main.py:140
INFO     # Free = 1 | # Busy = 0 | # Max = 32                     manager.py:102
INFO     [1f19a91f] Reusing (started) REPL for                    manager.py:116
         fd33662b481f4ef8937d8069849474df                                       
INFO     [1f19a91f] Running snippet health-check:                     repl.py:53
#eval 1                                                                         
INFO     [1f19a91f] Running snippet fd33662b481f4ef8937d8069849474df: repl.py:53
theorem inequalities_7905 {a b c : ℝ} (h₀ : a > b ∧ b > c) (h₁ : (a - b) * (b - 
c) * (c - a) = -1) :                                                            
    a - c ≥ 1.5 := by                                                           
  rcases h₀ with ⟨h01, h02⟩                                                     
  have h03 : a - c > 0 := by linarith                                           
  have pos1 : a - b > 0 := by linarith                                          
  have pos2 : b - c > 0 := by linarith                                          
  have pos3 : c - a < 0 := by linarith                                          
  have __certified_error : ¬ ((a - c) * (a - b) * (b - c) = -1) := by           
    nlinarith [h2]                                                              
  have h2 : (a - c) * (a - b) * (b - c) = 1 := by                               
    nlinarith                                                                   
  nlinarith [sq_nonneg (a - b - 1), sq_nonneg (b - c - 1), sq_nonneg (a - c -   
1.5),                                                                           
    mul_self_nonneg (a - b - b + c), mul_self_nonneg (a - b - (b - c) * 2 / 3), 
    mul_self_nonneg (b - c - (a - c) * 2 / 3)]                                  
INFO     [1f19a91f] Response summary for                            check.py:227
         fd33662b481f4ef8937d8069849474df body →                                
         {                                                                      
           "id": "fd33662b481f4ef8937d8069849474df",                            
           "has_response": true,                                                
           "response_keys": [                                                   
             "env",                                                             
             "infotree",                                                        
             "messages"                                                         
           ],                                                                   
           "error": null,                                                       
           "time": 5.873,                                                       
           "diagnostics": {                                                     
             "repl_uuid": "1f19a91f-ca54-4242-b267-aa5a55b5a601",               
             "cpu_max": 99.80039921532541,                                      
             "memory_max": 4256546816.0                                         
           }                                                                    
         }                                                                      
INFO     [1f19a91f] Released!                                     manager.py:192
INFO     ← response                                                  main.py:142
INFO     127.0.0.1:56482 - "POST /api/check HTTP/1.1" 200       __init__.py:1762
INFO     → request                                                   main.py:140
INFO     # Free = 1 | # Busy = 0 | # Max = 32                     manager.py:102
INFO     [1f19a91f] Reusing (started) REPL for                    manager.py:116
         18993e41e3874650a548f6a325ed5415                                       
INFO     [1f19a91f] Running snippet health-check:                     repl.py:53
#eval 1                                                                         
INFO     [1f19a91f] Running snippet 18993e41e3874650a548f6a325ed5415: repl.py:53
theorem inequalities_7905 {a b c : ℝ} (h₀ : a > b ∧ b > c) (h₁ : (a - b) * (b - 
c) * (c - a) = -1) :                                                            
    a - c ≥ 1.5 := by                                                           
  rcases h₀ with ⟨h01, h02⟩                                                     
  have h03 : a - c > 0 := by linarith                                           
  have pos1 : a - b > 0 := by linarith                                          
  have pos2 : b - c > 0 := by linarith                                          
  have pos3 : c - a < 0 := by linarith                                          
  have h2 : (a - c) * (a - b) * (b - c) = 1 := by                               
    nlinarith                                                                   
  have __certified_error : ¬ ((a - c) * (a - b) * (b - c) = -1) := by           
    nlinarith [h2]                                                              
  have mutated_conclusion : (a - c) * (a - b) * (b - c) = -1 := by              
    nlinarith [h1]                                                              
  nlinarith [sq_nonneg (a - b - 1), sq_nonneg (b - c - 1), sq_nonneg (a - c -   
1.5),                                                                           
    mul_self_nonneg (a - b - b + c), mul_self_nonneg (a - b - (b - c) * 2 / 3), 
    mul_self_nonneg (b - c - (a - c) * 2 / 3)]                                  
INFO     [1f19a91f] Response summary for                            check.py:227
         18993e41e3874650a548f6a325ed5415 body →                                
         {                                                                      
           "id": "18993e41e3874650a548f6a325ed5415",                            
           "has_response": true,                                                
           "response_keys": [                                                   
             "env",                                                             
             "infotree",                                                        
             "messages"                                                         
           ],                                                                   
           "error": null,                                                       
           "time": 2.657,                                                       
           "diagnostics": {                                                     
             "repl_uuid": "1f19a91f-ca54-4242-b267-aa5a55b5a601",               
             "cpu_max": 99.8003991921352,                                       
             "memory_max": 4268544000.0                                         
           }                                                                    
         }                                                                      
INFO     [1f19a91f] Released!                                     manager.py:192
INFO     ← response                                                  main.py:142
INFO     127.0.0.1:56482 - "POST /api/check HTTP/1.1" 200       __init__.py:1762
INFO     → request                                                   main.py:140
INFO     # Free = 1 | # Busy = 0 | # Max = 32                     manager.py:102
INFO     [1f19a91f] Reusing (started) REPL for                    manager.py:116
         ad254acd6dd543778905ac9f55b3c0f9                                       
INFO     [1f19a91f] Running snippet health-check:                     repl.py:53
#eval 1                                                                         
INFO     [1f19a91f] Running snippet ad254acd6dd543778905ac9f55b3c0f9: repl.py:53
theorem inequalities_7905 {a b c : ℝ} (h₀ : a > b ∧ b > c) (h₁ : (a - b) * (b - 
c) * (c - a) = -1) :                                                            
    a - c ≥ 1.5 := by                                                           
  rcases h₀ with ⟨h01, h02⟩                                                     
  have h03 : a - c > 0 := by linarith                                           
  have pos1 : a - b > 0 := by linarith                                          
  have pos2 : b - c > 0 := by linarith                                          
  have pos3 : c - a < 0 := by linarith                                          
  have __certified_error : ¬ ((a - c) * (a - b) * (b - c) = -1) := by           
    nlinarith [h2]                                                              
  have h2 : (a - c) * (a - b) * (b - c) = 1 := by                               
    nlinarith                                                                   
  nlinarith [sq_nonneg (a - b - 1), sq_nonneg (b - c - 1), sq_nonneg (a - c -   
1.5),                                                                           
    mul_self_nonneg (a - b - b + c), mul_self_nonneg (a - b - (b - c) * 2 / 3), 
    mul_self_nonneg (b - c - (a - c) * 2 / 3)]                                  
INFO     [1f19a91f] Response summary for                            check.py:227
         ad254acd6dd543778905ac9f55b3c0f9 body →                                
         {                                                                      
           "id": "ad254acd6dd543778905ac9f55b3c0f9",                            
           "has_response": true,                                                
           "response_keys": [                                                   
             "env",                                                             
             "infotree",                                                        
             "messages"                                                         
           ],                                                                   
           "error": null,                                                       
           "time": 5.758,                                                       
           "diagnostics": {                                                     
             "repl_uuid": "1f19a91f-ca54-4242-b267-aa5a55b5a601",               
             "cpu_max": 100.69790627853827,                                     
             "memory_max": 4276957184.0                                         
           }                                                                    
         }                                                                      
INFO     [1f19a91f] Released!                                     manager.py:192
INFO     ← response                                                  main.py:142
INFO     127.0.0.1:56482 - "POST /api/check HTTP/1.1" 200       __init__.py:1762
INFO     → request                                                   main.py:140
INFO     # Free = 1 | # Busy = 0 | # Max = 32                     manager.py:102
INFO     [1f19a91f] Reusing (started) REPL for                    manager.py:116
         1a5a8c280dfb4b7991a9fda205da137e                                       
INFO     [1f19a91f] Running snippet health-check:                     repl.py:53
#eval 1                                                                         
INFO     [1f19a91f] Running snippet 1a5a8c280dfb4b7991a9fda205da137e: repl.py:53
theorem inequalities_7905 {a b c : ℝ} (h₀ : a > b ∧ b > c) (h₁ : (a - b) * (b - 
c) * (c - a) = -1) :                                                            
    a - c ≥ 1.5 := by                                                           
  rcases h₀ with ⟨h01, h02⟩                                                     
  have h03 : a - c > 0 := by linarith                                           
  have pos1 : a - b > 0 := by linarith                                          
  have pos2 : b - c > 0 := by linarith                                          
  have pos3 : c - a < 0 := by linarith                                          
  have h2 : (a - c) * (a - b) * (b - c) = 1 := by                               
    nlinarith                                                                   
  have __certified_error : ¬ ((a - c) * (a - b) * (b - c) = -1) := by           
    nlinarith [h2]                                                              
  have mutated_conclusion : (a - c) * (a - b) * (b - c) = -1 := by              
    nlinarith [h1]                                                              
  nlinarith [sq_nonneg (a - b - 1), sq_nonneg (b - c - 1), sq_nonneg (a - c -   
1.5),                                                                           
    mul_self_nonneg (a - b - b + c), mul_self_nonneg (a - b - (b - c) * 2 / 3), 
    mul_self_nonneg (b - c - (a - c) * 2 / 3)]                                  
INFO     [1f19a91f] Response summary for                            check.py:227
         1a5a8c280dfb4b7991a9fda205da137e body →                                
         {                                                                      
           "id": "1a5a8c280dfb4b7991a9fda205da137e",                            
           "has_response": true,                                                
           "response_keys": [                                                   
             "env",                                                             
             "infotree",                                                        
             "messages"                                                         
           ],                                                                   
           "error": null,                                                       
           "time": 2.61,                                                        
           "diagnostics": {                                                     
             "repl_uuid": "1f19a91f-ca54-4242-b267-aa5a55b5a601",               
             "cpu_max": 99.8003991921352,                                       
             "memory_max": 4278501376.0                                         
           }                                                                    
         }                                                                      
INFO     [1f19a91f] Released!                                     manager.py:192
INFO     ← response                                                  main.py:142
INFO     127.0.0.1:57794 - "POST /api/check HTTP/1.1" 200       __init__.py:1762
INFO     → request                                                   main.py:140
INFO     # Free = 1 | # Busy = 0 | # Max = 32                     manager.py:102
INFO     [1f19a91f] Reusing (started) REPL for                    manager.py:116
         22742ca840154a3f9bde0e51a0317b7e                                       
INFO     [1f19a91f] Running snippet health-check:                     repl.py:53
#eval 1                                                                         
INFO     [1f19a91f] Running snippet 22742ca840154a3f9bde0e51a0317b7e: repl.py:53
theorem inequalities_7905 {a b c : ℝ} (h₀ : a > b ∧ b > c) (h₁ : (a - b) * (b - 
c) * (c - a) = -1) :                                                            
    a - c ≥ 1.5 := by                                                           
  rcases h₀ with ⟨h01, h02⟩                                                     
  have h03 : a - c > 0 := by linarith                                           
  have pos1 : a - b > 0 := by linarith                                          
  have pos2 : b - c > 0 := by linarith                                          
  have pos3 : c - a < 0 := by linarith                                          
  have __certified_error : ¬ ((a - c) * (a - b) * (b - c) = -1) := by           
    nlinarith [h2]                                                              
  have h2 : (a - c) * (a - b) * (b - c) = 1 := by                               
    nlinarith                                                                   
  nlinarith [sq_nonneg (a - b - 1), sq_nonneg (b - c - 1), sq_nonneg (a - c -   
1.5),                                                                           
    mul_self_nonneg (a - b - b + c), mul_self_nonneg (a - b - (b - c) * 2 / 3), 
    mul_self_nonneg (b - c - (a - c) * 2 / 3)]                                  
INFO     [1f19a91f] Response summary for                            check.py:227
         22742ca840154a3f9bde0e51a0317b7e body →                                
         {                                                                      
           "id": "22742ca840154a3f9bde0e51a0317b7e",                            
           "has_response": true,                                                
           "response_keys": [                                                   
             "env",                                                             
             "infotree",                                                        
             "messages"                                                         
           ],                                                                   
           "error": null,                                                       
           "time": 5.746,                                                       
           "diagnostics": {                                                     
             "repl_uuid": "1f19a91f-ca54-4242-b267-aa5a55b5a601",               
             "cpu_max": 100.69790627853827,                                     
             "memory_max": 4285710336.0                                         
           }                                                                    
         }                                                                      
INFO     [1f19a91f] Released!                                     manager.py:192
INFO     ← response                                                  main.py:142
INFO     127.0.0.1:57794 - "POST /api/check HTTP/1.1" 200       __init__.py:1762
INFO     → request                                                   main.py:140
INFO     # Free = 1 | # Busy = 0 | # Max = 32                     manager.py:102
INFO     [1f19a91f] Reusing (started) REPL for                    manager.py:116
         8575e8f1026846aa90f6b939bdb8581c                                       
INFO     [1f19a91f] Running snippet health-check:                     repl.py:53
#eval 1                                                                         
INFO     [1f19a91f] Running snippet 8575e8f1026846aa90f6b939bdb8581c: repl.py:53
theorem inequalities_7905 {a b c : ℝ} (h₀ : a > b ∧ b > c) (h₁ : (a - b) * (b - 
c) * (c - a) = -1) :                                                            
    a - c ≥ 1.5 := by                                                           
  rcases h₀ with ⟨h01, h02⟩                                                     
  have h03 : a - c > 0 := by linarith                                           
  have pos1 : a - b > 0 := by linarith                                          
  have pos2 : b - c > 0 := by linarith                                          
  have pos3 : c - a < 0 := by linarith                                          
  have h2 : (a - c) * (a - b) * (b - c) = 1 := by                               
    nlinarith                                                                   
  have __certified_error : ¬ ((a - c) * (a - b) * (b - c) = -1) := by           
    nlinarith [h2]                                                              
  have mutated_conclusion : (a - c) * (a - b) * (b - c) = -1 := by              
    nlinarith [h1]                                                              
  nlinarith [sq_nonneg (a - b - 1), sq_nonneg (b - c - 1), sq_nonneg (a - c -   
1.5),                                                                           
    mul_self_nonneg (a - b - b + c), mul_self_nonneg (a - b - (b - c) * 2 / 3), 
    mul_self_nonneg (b - c - (a - c) * 2 / 3)]                                  
INFO     [1f19a91f] Response summary for                            check.py:227
         8575e8f1026846aa90f6b939bdb8581c body →                                
         {                                                                      
           "id": "8575e8f1026846aa90f6b939bdb8581c",                            
           "has_response": true,                                                
           "response_keys": [                                                   
             "env",                                                             
             "infotree",                                                        
             "messages"                                                         
           ],                                                                   
           "error": null,                                                       
           "time": 2.625,                                                       
           "diagnostics": {                                                     
             "repl_uuid": "1f19a91f-ca54-4242-b267-aa5a55b5a601",               
             "cpu_max": 100.5976095660453,                                      
             "memory_max": 4288110592.0                                         
           }                                                                    
         }                                                                      
INFO     [1f19a91f] Released!                                     manager.py:192
INFO     ← response                                                  main.py:142
INFO     127.0.0.1:57794 - "POST /api/check HTTP/1.1" 200       __init__.py:1762
INFO     → request                                                   main.py:140
INFO     # Free = 1 | # Busy = 0 | # Max = 32                     manager.py:102
INFO     [1f19a91f] Reusing (started) REPL for                    manager.py:116
         399b8cd476cd4847b29d03ee8cddf50d                                       
INFO     [1f19a91f] Running snippet health-check:                     repl.py:53
#eval 1                                                                         
INFO     [1f19a91f] Running snippet 399b8cd476cd4847b29d03ee8cddf50d: repl.py:53
theorem inequalities_7905 {a b c : ℝ} (h₀ : a > b ∧ b > c) (h₁ : (a - b) * (b - 
c) * (c - a) = -1) :                                                            
    a - c ≥ 1.5 := by                                                           
  rcases h₀ with ⟨h01, h02⟩                                                     
  have h03 : a - c > 0 := by linarith                                           
  have pos1 : a - b > 0 := by linarith                                          
  have pos2 : b - c > 0 := by linarith                                          
  have pos3 : c - a < 0 := by linarith                                          
  have __certified_error : ¬ ((a - c) * (a - b) * (b - c) = -1) := by           
    nlinarith [h2]                                                              
  have h2 : (a - c) * (a - b) * (b - c) = 1 := by                               
    nlinarith                                                                   
  nlinarith [sq_nonneg (a - b - 1), sq_nonneg (b - c - 1), sq_nonneg (a - c -   
1.5),                                                                           
    mul_self_nonneg (a - b - b + c), mul_self_nonneg (a - b - (b - c) * 2 / 3), 
    mul_self_nonneg (b - c - (a - c) * 2 / 3)]                                  
INFO     [1f19a91f] Response summary for                            check.py:227
         399b8cd476cd4847b29d03ee8cddf50d body →                                
         {                                                                      
           "id": "399b8cd476cd4847b29d03ee8cddf50d",                            
           "has_response": true,                                                
           "response_keys": [                                                   
             "env",                                                             
             "infotree",                                                        
             "messages"                                                         
           ],                                                                   
           "error": null,                                                       
           "time": 5.668,                                                       
           "diagnostics": {                                                     
             "repl_uuid": "1f19a91f-ca54-4242-b267-aa5a55b5a601",               
             "cpu_max": 100.69790627853827,                                     
             "memory_max": 4288774144.0                                         
           }                                                                    
         }                                                                      
INFO     [1f19a91f] Released!                                     manager.py:192
INFO     ← response                                                  main.py:142
INFO     127.0.0.1:57794 - "POST /api/check HTTP/1.1" 200       __init__.py:1762
INFO     → request                                                   main.py:140
INFO     # Free = 1 | # Busy = 0 | # Max = 32                     manager.py:102
INFO     [1f19a91f] Reusing (started) REPL for                    manager.py:116
         14ad6b0bbc2a48c98638b539dcb32f46                                       
INFO     [1f19a91f] Running snippet health-check:                     repl.py:53
#eval 1                                                                         
INFO     [1f19a91f] Running snippet 14ad6b0bbc2a48c98638b539dcb32f46: repl.py:53
theorem algebra_126961 {a b c m n : ℤ} (ha : a ≠ 0) (h : a * m ^ 2 + b * m + c -
(a * n ^ 2 + b * n + c) = 1) :                                                  
    |m - n| = 1 := by                                                           
  have h1 : (m - n) * (a * (m + n) + b) = 1 := by linarith                      
  have h2 : m - n = 1 ∨ m - n = -1 := by                                        
    have : m - n = 1 ∨ m - n = -1 := by                                         
      apply Int.eq_one_or_neg_one_of_mul_eq_one                                 
      exact h1                                                                  
    exact this                                                                  
  cases' h2 with h3 h4                                                          
  · rw [h3]                                                                     
    norm_num                                                                    
  · rw [h4]                                                                     
    norm_num                                                                    
INFO     [1f19a91f] Response summary for                            check.py:227
         14ad6b0bbc2a48c98638b539dcb32f46 body →                                
         {                                                                      
           "id": "14ad6b0bbc2a48c98638b539dcb32f46",                            
           "has_response": true,                                                
           "response_keys": [                                                   
             "env",                                                             
             "infotree",                                                        
             "messages"                                                         
           ],                                                                   
           "error": null,                                                       
           "time": 0.294,                                                       
           "diagnostics": {                                                     
             "repl_uuid": "1f19a91f-ca54-4242-b267-aa5a55b5a601",               
             "cpu_max": 4.975124377510526,                                      
             "memory_max": 4295917568.0                                         
           }                                                                    
         }                                                                      
INFO     [1f19a91f] Released!                                     manager.py:192
INFO     ← response                                                  main.py:142
INFO     127.0.0.1:53462 - "POST /api/check HTTP/1.1" 200       __init__.py:1762
INFO     → request                                                   main.py:140
INFO     # Free = 1 | # Busy = 0 | # Max = 32                     manager.py:102
INFO     [1f19a91f] Reusing (started) REPL for                    manager.py:116
         576ad6a7ce2a4e808def85a20d01157e                                       
INFO     [1f19a91f] Running snippet health-check:                     repl.py:53
#eval 1                                                                         
INFO     [1f19a91f] Running snippet 576ad6a7ce2a4e808def85a20d01157e: repl.py:53
theorem algebra_126961 {a b c m n : ℤ} (ha : a ≠ 0) (h : a * m ^ 2 + b * m + c -
(a * n ^ 2 + b * n + c) = 1) :                                                  
    |m - n| = 1 := by                                                           
  have h1 : (m - n) * (a * (m + n) + b) = 1 := by linarith                      
  have __certified_error : ¬ (a * (m + n) + b = 1) := by                        
    intro hbad                                                                  
    have hprod : (m - n) * 1 = 1 := by rw [← hbad]; exact h1                    
    have hm : m - n = 1 := by linarith                                          
    have hval : a * (m + n) + b = 1 := by linarith                              
    have hsum : m + n = 2 * n + 1 := by linarith                                
    have hsub : a * (2 * n + 1) + b = 1 := by rw [hsum] at hval; exact hval     
    have h1' : (1) * (a * (m + n) + b) = 1 := by rw [hm]; exact h1              
    have h1'' : a * (m + n) + b = 1 := by linarith                              
    have h2n : m + n = 2 * n + 1 := by linarith                                 
    have h3 : a * (2 * n + 1) + b = 1 := by rw [h2n] at h1''; exact h1''        
    have h4 : a * (2 * n + 1) + b = 1 := by exact h3                            
    have h5 : a * (2 * n + 1) + b - (a * n ^ 2 + b * n + c) = 1 := by           
      rw [← h4]                                                                 
                                                                                
      have hm2 : m ^ 2 = (n + 1) ^ 2 := by rw [hm]; ring                        
      have hsubst : a * m ^ 2 + b * m + c - (a * n ^ 2 + b * n + c) = 1 := h    
      rw [hm2, hm] at hsubst                                                    
      linarith                                                                  
    have h6 : a * (2 * n + 1) + b - (a * n ^ 2 + b * n + c) = 1 := by exact h5  
    have h7 : a * (2 * n + 1) + b - (a * n ^ 2 + b * n + c) = 1 := by exact h6  
    have h8 : a * (2 * n + 1) + b - (a * n ^ 2 + b * n + c) = 1 := by exact h7  
    have h9 : a * (2 * n + 1) + b - (a * n ^ 2 + b * n + c) = 1 := by exact h8  
    have h10 : a * (2 * n + 1) + b - (a * n ^ 2 + b * n + c) = 1 := by exact h9 
    have h11 : a * (2 * n + 1) + b - (a * n ^ 2 + b * n + c) = 1 := by exact h10
    have h12 : a * (2 * n + 1) + b - (a * n ^ 2 + b * n + c) = 1 := by exact h11
    have h13 : a * (2 * n + 1) + b - (a * n ^ 2 + b * n + c) = 1 := by exact h12
    have h14 : a * (2 * n + 1) + b - (a * n ^ 2 + b * n + c) = 1 := by exact h13
    have h15 : a * (2 * n + 1) + b - (a * n ^ 2 + b * n + c) = 1 := by exact h14
    have h16 : a * (2 * n + 1) + b - (a * n ^ 2 + b * n + c) = 1 := by exact h15
    have h17 : a * (2 * n + 1) + b - (a * n ^ 2 + b * n + c) = 1 := by exact h16
    have h18 : a * (2 * n + 1) + b - (a * n ^ 2 + b * n + c) = 1 := by exact h17
    have h19 : a * (2 * n + 1) + b - (a * n ^ 2 + b * n + c) = 1 := by exact h18
    have h20 : a * (2 * n + 1) + b - (a * n ^ 2 + b * n + c) = 1 := by exact h19
    have h21 : a * (2 * n + 1) + b - (a * n ^ 2 + b * n + c) = 1 := by exact h20
    have h22 : a * (2 * n + 1) + b - (a * n ^ 2 + b * n + c) = 1 := by exact h21
    have h23 : a * (2 * n + 1) + b - (a * n ^ 2 + b * n + c) = 1 := by exact h22
    have h24 : a * (2 * n + 1) + b - (a * n ^ 2 + b * n + c) = 1 := by exact h23
    have h25 : a * (2 * n + 1) + b - (a * n ^ 2 + b * n + c) = 1 := by exact h24
    have h26 : a * (2 * n + 1) + b - (a * n ^ 2 + b * n + c) = 1 := by exact h25
    have h27 : a * (2 * n + 1) + b - (a * n ^ 2 + b * n + c) = 1 := by exact h26
    have h28 : a * (2 * n + 1) + b - (a * n ^ 2 + b * n + c) = 1 := by exact h27
    have h29 : a * (2 * n + 1) + b - (a * n ^ 2 + b * n + c) = 1 := by exact h28
    have h30 : a * (2 * n + 1) + b - (a * n ^ 2 + b * n + c) = 1 := by exact h29
    have h31 : a * (2 * n + 1) + b - (a * n ^ 2 + b * n + c) = 1 := by exact h30
    have h32 : a * (2 * n + 1) + b - (a * n ^ 2 + b * n + c) = 1 := by exact h31
    have h33 : a * (2 * n + 1) + b - (a * n ^ 2 + b * n + c) = 1 := by exact h32
    have h34 : a * (2 * n + 1) + b - (a * n ^ 2 + b * n + c) = 1 := by exact h33
    have h35 : a * (2 * n + 1) + b - (a * n ^ 2 + b * n + c) = 1 := by exact h34
    have h36 : a * (2 * n + 1) + b - (a * n ^ 2 + b * n + c) = 1 := by exact h35
    have h37 : a * (2 * n + 1) + b - (a * n ^ 2 + b * n + c) = 1 := by exact h36
    have h38 : a * (2 * n + 1) + b - (a * n ^ 2 + b * n + c) = 1 := by exact h37
    have h39 : a * (2 * n + 1) + b - (a * n ^ 2 + b * n + c) = 1 := by exact h38
    have h40 : a * (2 * n + 1) + b - (a * n ^ 2 + b * n + c) = 1 := by exact h39
    have h41 : a * (2 * n + 1) + b - (a * n ^ 2 + b * n + c) = 1 := by exact h40
    have h42 : a * (2 * n + 1) + b - (a * n ^ 2 + b * n + c) = 1 := by exact h41
    have h43 : a * (2 * n + 1) + b - (a * n ^ 2 + b * n + c) = 1 := by exact h42
    have h44 : a * (2 * n + 1) + b - (a * n ^ 2 + b * n + c) = 1 := by exact h43
    have h45 : a * (2 * n + 1) + b - (a * n ^ 2 + b * n + c) = 1 := by exact h44
    have h46 : a * (2 * n + 1) + b - (a * n ^ 2 + b * n + c) = 1 := by exact h45
    have h47 : a * (2 * n + 1) + b - (a * n ^ 2 + b * n + c) = 1 := by exact h46
    have h48 : a * (2 * n + 1) + b - (a * n ^ 2 + b * n + c) = 1 := by exact h47
    have h49 : a * (2 * n + 1) + b - (a * n ^ 2 + b * n + c) = 1 := by exact h48
    have h50 : a * (2 * n + 1) + b - (a * n ^ 2 + b * n + c) = 1 := by exact h49
    have h51 : a * (2 * n + 1) + b - (a * n ^ 2 + b * n + c) = 1 := by exact h50
    have h52 : a * (2 * n + 1) + b - (a * n ^ 2 + b * n + c) = 1 := by exact h51
    have h53 : a * (2 * n + 1) + b - (a * n ^ 2 + b * n + c) = 1 := by exact h52
    have h54 : a * (2 * n + 1) + b - (a * n ^ 2 + b * n + c) = 1 := by exact h53
    have h55 : a * (2 * n + 1) + b - (a * n ^ 2 + b * n + c) = 1 := by exact h54
    have h56 : a * (2 * n + 1) + b - (a * n ^ 2 + b * n + c) = 1 := by exact h55
    have h57 : a * (2 * n + 1) + b - (a * n ^ 2 + b * n + c) = 1 := by exact h56
    have h58 : a * (2 * n + 1) + b - (a * n ^ 2 + b * n + c) = 1 := by exact h57
    have h59 : a * (2 * n + 1) + b - (a * n ^ 2 + b * n + c) = 1 := by exact h58
    have h60 : a * (2 * n + 1) + b - (a * n ^ 2 + b * n + c) = 1 := by exact h59
    have h61 : a * (2 * n + 1) + b - (a * n ^ 2 + b * n + c) = 1 := by exact h60
    have h62 : a * (2 * n + 1) + b - (a * n ^ 2 + b * n + c) = 1 := by exact h61
    have h63 : a * (2 * n + 1) + b - (a * n ^ 2 + b * n + c) = 1 := by exact h62
    have h64 : a * (2 * n + 1) + b - (a * n ^ 2 + b * n + c) = 1 := by exact h63
    have h65 : a * (2 * n + 1) + b - (a * n ^ 2 + b * n + c) = 1 := by exact h64
    have h66 : a * (2 * n + 1) + b - (a * n ^ 2 + b * n + c) = 1 := by exact h65
    have h67 : a * (2 * n + 1) + b - (a * n ^ 2 + b * n + c) = 1 := by exact h66
    have h68 : a * (2 * n + 1) + b - (a * n ^ 2 + b * n + c) = 1 := by exact h67
    have h69 : a * (2 * n + 1) + b - (a * n ^ 2 + b * n + c) = 1 := by exact h68
    have h70 : a * (2 * n + 1) + b - (a * n ^ 2 + b * n + c) = 1 := by exact h69
    have h71 : a * (2 * n + 1) + b - (a * n ^ 2 + b * n + c) = 1 := by exact h70
    have h72 : a * (2 * n + 1) + b - (a * n ^ 2 + b * n + c) = 1 := by exact h71
    have h73 : a * (2 * n + 1) + b - (a * n ^ 2 + b * n + c) = 1 := by exact h72
    have h74 : a * (2 * n + 1) + b - (a * n ^ 2 + b * n + c) = 1 := by exact h73
    have h75 : a * (2 * n + 1) + b - (a * n ^ 2 + b * n + c) = 1 := by exact h74
    have h76 : a * (2 * n + 1) + b - (a * n ^ 2 + b * n + c) = 1 := by exact h75
    have h77 : a * (2 * n + 1) + b - (a * n ^ 2 + b * n + c) = 1 := by exact h76
    have h78 : a * (2 * n + 1) + b - (a * n ^ 2 + b * n + c) = 1 := by exact h77
    have h79 : a * (2 * n + 1) + b - (a * n ^ 2 + b * n + c) = 1 := by exact h78
    have h80 : a * (2 * n + 1) + b - (a * n ^ 2 + b * n + c) = 1 := by exact h79
    have h81 : a * (2 * n + 1) + b - (a * n ^ 2 + b * n + c) = 1 := by exact h80
    have h82 : a * (2 * n + 1) + b - (a * n ^ 2 + b * n + c) = 1 := by exact h81
    have h83 : a * (2 * n + 1) + b - (a * n ^ 2 + b * n + c) = 1 := by exact h82
    have h84 : a * (2 * n + 1) + b - (a * n ^ 2 + b * n + c) = 1 := by exact h83
    have h85 : a * (2 * n + 1) + b - (a * n ^ 2 + b * n + c) = 1 := by exact h84
    have h86 : a * (2 * n + 1) + b - (a * n ^ 2 + b * n + c) = 1 := by exact h85
    have h87 : a * (2 * n + 1) + b - (a * n ^ 2 + b * n + c) = 1 := by exact h86
    have h88 : a * (2 * n + 1) + b - (a * n ^ 2 + b * n + c) = 1 := by exact h87
    have h89 : a * (2 * n + 1) + b - (a * n ^ 2 + b * n + c) = 1 := by exact h88
    have h90 : a * (2 * n + 1) + b - (a * n ^ 2 + b * n + c) = 1 := by exact h89
    have h91 : a * (2 * n + 1) + b - (a * n ^ 2 + b * n + c) = 1 := by exact h90
    have h92 : a * (2 * n + 1) + b - (a * n ^ 2 + b * n + c) = 1 := by exact h91
    have h93 : a * (2 * n + 1) + b - (a * n ^ 2 + b * n + c) = 1 := by exact h92
    have h94 : a * (2 * n + 1) + b - (a * n ^ 2 + b * n + c) = 1 := by exact h93
    have h95 : a * (2 * n + 1) + b - (a * n ^ 2 + b * n + c) = 1 := by exact h94
    have h96 : a * (2 * n + 1) + b - (a * n ^ 2 + b * n + c) = 1 := by exact h95
    have h97 : a * (2 * n + 1) + b - (a * n ^ 2 + b * n + c) = 1 := by exact h96
    have h98 : a * (2 * n + 1) + b - (a * n ^ 2 + b * n + c) = 1 := by exact h97
    have h99 : a * (2 * n + 1) + b - (a * n ^ 2 + b * n + c) = 1 := by exact h98
    have h100 : a * (2 * n + 1) + b - (a * n ^ 2 + b * n + c) = 1 := by exact   
h99                                                                             
    linarith                                                                    
  have h2 : m - n = 1 ∨ m - n = -1 := by                                        
    have : m - n = 1 ∨ m - n = -1 := by                                         
      apply Int.eq_one_or_neg_one_of_mul_eq_one                                 
      exact h1                                                                  
    exact this                                                                  
  cases' h2 with h3 h4                                                          
  · rw [h3]                                                                     
    norm_num                                                                    
  · rw [h4]                                                                     
    norm_num                                                                    
INFO     [1f19a91f] Response summary for                            check.py:227
         576ad6a7ce2a4e808def85a20d01157e body →                                
         {                                                                      
           "id": "576ad6a7ce2a4e808def85a20d01157e",                            
           "has_response": true,                                                
           "response_keys": [                                                   
             "env",                                                             
             "infotree",                                                        
             "messages"                                                         
           ],                                                                   
           "error": null,                                                       
           "time": 4.046,                                                       
           "diagnostics": {                                                     
             "repl_uuid": "1f19a91f-ca54-4242-b267-aa5a55b5a601",               
             "cpu_max": 99.80039919213449,                                      
             "memory_max": 4347490304.0                                         
           }                                                                    
         }                                                                      
INFO     [1f19a91f] Released!                                     manager.py:192
INFO     ← response                                                  main.py:142
INFO     127.0.0.1:55300 - "POST /api/check HTTP/1.1" 200       __init__.py:1762
INFO     → request                                                   main.py:140
INFO     # Free = 1 | # Busy = 0 | # Max = 32                     manager.py:102
INFO     [1f19a91f] Reusing (started) REPL for                    manager.py:116
         32d64650976041df9e5493da003d77bd                                       
INFO     [1f19a91f] Running snippet health-check:                     repl.py:53
#eval 1                                                                         
INFO     [1f19a91f] Running snippet 32d64650976041df9e5493da003d77bd: repl.py:53
theorem algebra_126961 {a b c m n : ℤ} (ha : a ≠ 0) (h : a * m ^ 2 + b * m + c -
(a * n ^ 2 + b * n + c) = 1) :                                                  
    |m - n| = 1 := by                                                           
  have h1 : (m - n) * (a * (m + n) + b) = 1 := by linarith                      
  have h2 : m - n = 1 ∨ m - n = -1 := by                                        
    have : m - n = 1 ∨ m - n = -1 := by                                         
      apply Int.eq_one_or_neg_one_of_mul_eq_one                                 
      exact h1                                                                  
    exact this                                                                  
  cases' h2 with h3 h4                                                          
  · rw [h3]                                                                     
    norm_num                                                                    
  · rw [h4]                                                                     
    norm_num                                                                    
INFO     [1f19a91f] Response summary for                            check.py:227
         32d64650976041df9e5493da003d77bd body →                                
         {                                                                      
           "id": "32d64650976041df9e5493da003d77bd",                            
           "has_response": true,                                                
           "response_keys": [                                                   
             "env",                                                             
             "infotree",                                                        
             "messages"                                                         
           ],                                                                   
           "error": null,                                                       
           "time": 0.207,                                                       
           "diagnostics": {                                                     
             "repl_uuid": "1f19a91f-ca54-4242-b267-aa5a55b5a601",               
             "cpu_max": 0.0,                                                    
             "memory_max": 0.0                                                  
           }                                                                    
         }                                                                      
INFO     [1f19a91f] Released!                                     manager.py:192
INFO     ← response                                                  main.py:142
INFO     127.0.0.1:40026 - "POST /api/check HTTP/1.1" 200       __init__.py:1762
INFO     → request                                                   main.py:140
INFO     # Free = 1 | # Busy = 0 | # Max = 32                     manager.py:102
INFO     [1f19a91f] Reusing (started) REPL for                    manager.py:116
         e9a60ec18fab43b8bd6eedb5b41db398                                       
INFO     [1f19a91f] Running snippet health-check:                     repl.py:53
#eval 1                                                                         
INFO     [1f19a91f] Running snippet e9a60ec18fab43b8bd6eedb5b41db398: repl.py:53
theorem algebra_126961 {a b c m n : ℤ} (ha : a ≠ 0) (h : a * m ^ 2 + b * m + c -
(a * n ^ 2 + b * n + c) = 1) :                                                  
    |m - n| = 1 := by                                                           
  have h1 : (m - n) * (a * (m + n) + b) = 1 := by linarith                      
  have __certified_error : ¬ (m - n = 2 ∨ m - n = -2) := by                     
    intro hbad                                                                  
    rcases hbad with h | h                                                      
    · have hprod : (m - n) * (a * (m + n) + b) = 2 * (a * (m + n) + b) := by rw 
[h]; ring                                                                       
      omega                                                                     
    · have hprod : (m - n) * (a * (m + n) + b) = -2 * (a * (m + n) + b) := by rw
[h]; ring                                                                       
      omega                                                                     
  have h2 : m - n = 2 ∨ m - n = -2 := by                                        
    omega                                                                       
  cases' h2 with h3 h4                                                          
  · rw [h3]                                                                     
    norm_num                                                                    
  · rw [h4]                                                                     
    norm_num                                                                    
INFO     [1f19a91f] Response summary for                            check.py:227
         e9a60ec18fab43b8bd6eedb5b41db398 body →                                
         {                                                                      
           "id": "e9a60ec18fab43b8bd6eedb5b41db398",                            
           "has_response": true,                                                
           "response_keys": [                                                   
             "env",                                                             
             "infotree",                                                        
             "messages"                                                         
           ],                                                                   
           "error": null,                                                       
           "time": 0.319,                                                       
           "diagnostics": {                                                     
             "repl_uuid": "1f19a91f-ca54-4242-b267-aa5a55b5a601",               
             "cpu_max": 16.94915254193239,                                      
             "memory_max": 4363177984.0                                         
           }                                                                    
         }                                                                      
INFO     [1f19a91f] Released!                                     manager.py:192
INFO     ← response                                                  main.py:142
INFO     127.0.0.1:35452 - "POST /api/check HTTP/1.1" 200       __init__.py:1762
INFO     → request                                                   main.py:140
INFO     # Free = 1 | # Busy = 0 | # Max = 32                     manager.py:102
INFO     [1f19a91f] Reusing (started) REPL for                    manager.py:116
         91439f07d00f4a5e86d572c194c06f3d                                       
INFO     [1f19a91f] Running snippet health-check:                     repl.py:53
#eval 1                                                                         
INFO     [1f19a91f] Running snippet 91439f07d00f4a5e86d572c194c06f3d: repl.py:53
theorem algebra_126961 {a b c m n : ℤ} (ha : a ≠ 0) (h : a * m ^ 2 + b * m + c -
(a * n ^ 2 + b * n + c) = 1) :                                                  
    |m - n| = 1 := by                                                           
  have h1 : (m - n) * (a * (m + n) + b) = 1 := by linarith                      
  have __certified_error : ¬ (m - n = 2 ∨ m - n = -2) := by                     
    intro hbad                                                                  
    rcases hbad with h | h                                                      
    · have hprod : (m - n) * (a * (m + n) + b) = 2 * (a * (m + n) + b) := by rw 
[h]; ring                                                                       
      omega                                                                     
    · have hprod : (m - n) * (a * (m + n) + b) = -2 * (a * (m + n) + b) := by rw
[h]; ring                                                                       
      omega                                                                     
  have h2 : m - n = 1 ∨ m - n = -1 := by                                        
    have : m - n = 1 ∨ m - n = -1 := by                                         
      apply Int.eq_one_or_neg_one_of_mul_eq_one                                 
      exact h1                                                                  
    exact this                                                                  
  cases' h2 with h3 h4                                                          
  · rw [h3]                                                                     
    norm_num                                                                    
  · rw [h4]                                                                     
    norm_num                                                                    
INFO     [1f19a91f] Response summary for                            check.py:227
         91439f07d00f4a5e86d572c194c06f3d body →                                
         {                                                                      
           "id": "91439f07d00f4a5e86d572c194c06f3d",                            
           "has_response": true,                                                
           "response_keys": [                                                   
             "env",                                                             
             "infotree",                                                        
             "messages"                                                         
           ],                                                                   
           "error": null,                                                       
           "time": 0.292,                                                       
           "diagnostics": {                                                     
             "repl_uuid": "1f19a91f-ca54-4242-b267-aa5a55b5a601",               
             "cpu_max": 0.0,                                                    
             "memory_max": 0.0                                                  
           }                                                                    
         }                                                                      
INFO     [1f19a91f] Released!                                     manager.py:192
INFO     ← response                                                  main.py:142
INFO     127.0.0.1:35452 - "POST /api/check HTTP/1.1" 200       __init__.py:1762
INFO     → request                                                   main.py:140
INFO     ← response                                                  main.py:142
INFO     127.0.0.1:40560 - "GET /health HTTP/1.1" 200           __init__.py:1762
INFO     → request                                                   main.py:140
INFO     ← response                                                  main.py:142
INFO     127.0.0.1:50170 - "GET /health HTTP/1.1" 200           __init__.py:1762
INFO     → request                                                   main.py:140
INFO     # Free = 1 | # Busy = 0 | # Max = 32                     manager.py:102
INFO     [1f19a91f] Reusing (started) REPL for                    manager.py:116
         ebcbadc7573946b68909a55538fb0260                                       
INFO     [1f19a91f] Running snippet health-check:                     repl.py:53
#eval 1                                                                         
INFO     [1f19a91f] Running snippet ebcbadc7573946b68909a55538fb0260: repl.py:53
theorem number_theory_60858 {m n : ℕ} (hm : m > 0) (hn : n > 0) (hmn : m - n =  
189) (hlcm : Nat.lcm m n = 133866) :                                            
m = 1998 ∧ n = 1809:= by                                                        
                                                                                
  replace hmn : m = n + 189:= by omega                                          
                                                                                
  set d:= Nat.gcd m n with hd                                                   
  clear_value d                                                                 
                                                                                
  have hdpos : d > 0:= by                                                       
    subst d                                                                     
    exact Nat.gcd_pos_of_pos_left n hm                                          
                                                                                
  have h1 : d ∣ m:= by subst d ; exact Nat.gcd_dvd_left m n                     
                                                                                
  have h2 : d ∣ n:= by subst d ; exact Nat.gcd_dvd_right m n                    
                                                                                
  rcases h1 with ⟨m1, hm1⟩                                                      
  rcases h2 with ⟨n1, hn1⟩                                                      
  subst m n                                                                     
                                                                                
  have h3 : d ∣ 189:= by                                                        
    have g1 : d ∣ d * n1:= by simp                                              
    suffices d ∣ d * n1 + 189 by exact (Nat.dvd_add_iff_right g1).mpr this      
    rw [hm1]                                                                    
    simp                                                                        
                                                                                
  rw [hm1] at hlcm hd                                                           
                                                                                
  rw [show Nat.lcm (d * m1) (d * n1) = d * Nat.lcm m1 n1 by rw                  
[Nat.lcm_mul_left]] at hlcm                                                     
                                                                                
  rw [show Nat.gcd (d * m1) (d * n1) = d * Nat.gcd m1 n1 by rw                  
[Nat.gcd_mul_left]] at hd                                                       
                                                                                
  replace hd : Nat.gcd m1 n1 = 1:= by exact (Nat.mul_right_eq_self_iff hdpos).mp
(id (Eq.symm hd))                                                               
                                                                                
  rw [show Nat.lcm m1 n1 = m1 * n1 by exact Nat.Coprime.lcm_eq_mul hd] at hlcm  
                                                                                
  replace h3 : d ∈ Nat.divisors 189:= by refine Nat.mem_divisors.mpr ⟨h3, by    
omega⟩                                                                          
                                                                                
  have h4 : Nat.divisors 189 = {1, 3, 7, 9, 21, 27, 63, 189}:= by native_decide 
  rw [h4] at h3                                                                 
                                                                                
  fin_cases h3                                                                  
  .                                                                             
                                                                                
    replace hlcm : IsSquare 571185:= by                                         
      simp at hm1                                                               
      subst m1                                                                  
      rw [show 571185 = (2 * n1 + 189) ^ 2 by linarith]                         
      use (2 * n1 + 189)                                                        
      ring                                                                      
    absurd hlcm                                                                 
    native_decide                                                               
  .                                                                             
                                                                                
    replace hm1 : m1 = n1 + 63:= by omega                                       
    subst m1                                                                    
    replace hlcm : IsSquare 182457:= by                                         
      rw [show 182457 = (2 * n1 + 63) ^ 2 by linarith]                          
      use (2 * n1 + 63)                                                         
      ring                                                                      
    absurd hlcm                                                                 
    native_decide                                                               
  .                                                                             
                                                                                
    omega                                                                       
  .                                                                             
                                                                                
    replace hm1 : m1 = n1 + 21:= by omega                                       
    subst m1                                                                    
    replace hlcm : IsSquare 59937:= by                                          
      rw [show 59937 = (2 * n1 + 21) ^ 2 by linarith]                           
      use (2 * n1 + 21)                                                         
      ring                                                                      
    absurd hlcm                                                                 
    native_decide                                                               
  .                                                                             
                                                                                
    omega                                                                       
  .                                                                             
                                                                                
    replace hm1 : m1 = n1 + 7:= by omega                                        
    subst m1                                                                    
                                                                                
    replace hlcm : (2 * n1 + 7) ^ 2 = 141 ^ 2:= by linarith                     
                                                                                
    replace hlcm : 2 * n1 + 7 = 141:= by nlinarith only [hlcm]                  
                                                                                
    refine ⟨by linarith, by linarith⟩                                           
                                                                                
  all_goals                                                                     
    omega                                                                       
INFO     [1f19a91f] Response summary for                            check.py:227
         ebcbadc7573946b68909a55538fb0260 body →                                
         {                                                                      
           "id": "ebcbadc7573946b68909a55538fb0260",                            
           "has_response": true,                                                
           "response_keys": [                                                   
             "env",                                                             
             "infotree"                                                         
           ],                                                                   
           "error": null,                                                       
           "time": 2.534,                                                       
           "diagnostics": {                                                     
             "repl_uuid": "1f19a91f-ca54-4242-b267-aa5a55b5a601",               
             "cpu_max": 99.70089730548365,                                      
             "memory_max": 4411138048.0                                         
           }                                                                    
         }                                                                      
INFO     [1f19a91f] Released!                                     manager.py:192
INFO     ← response                                                  main.py:142
INFO     127.0.0.1:50172 - "POST /api/check HTTP/1.1" 200       __init__.py:1762
INFO     → request                                                   main.py:140
INFO     ← response                                                  main.py:142
INFO     127.0.0.1:41190 - "GET /health HTTP/1.1" 200           __init__.py:1762
INFO     → request                                                   main.py:140
INFO     # Free = 1 | # Busy = 0 | # Max = 32                     manager.py:102
INFO     [1f19a91f] Reusing (started) REPL for                    manager.py:116
         24c8b8eddda44981b63eb5bfcdeb6806                                       
INFO     [1f19a91f] Running snippet health-check:                     repl.py:53
#eval 1                                                                         
INFO     [1f19a91f] Running snippet 24c8b8eddda44981b63eb5bfcdeb6806: repl.py:53
theorem structured_mutation_smoke (x : ℤ) (hx : x = 0) : x = 0 := by            
  have hbad : x ≠ 0 := by                                                       
    exact hx                                                                    
  exact hx                                                                      
INFO     [1f19a91f] Response summary for                            check.py:227
         24c8b8eddda44981b63eb5bfcdeb6806 body →                                
         {                                                                      
           "id": "24c8b8eddda44981b63eb5bfcdeb6806",                            
           "has_response": true,                                                
           "response_keys": [                                                   
             "env",                                                             
             "infotree",                                                        
             "messages"                                                         
           ],                                                                   
           "error": null,                                                       
           "time": 0.014,                                                       
           "diagnostics": {                                                     
             "repl_uuid": "1f19a91f-ca54-4242-b267-aa5a55b5a601",               
             "cpu_max": 0.0,                                                    
             "memory_max": 0.0                                                  
           }                                                                    
         }                                                                      
INFO     [1f19a91f] Released!                                     manager.py:192
INFO     ← response                                                  main.py:142
INFO     127.0.0.1:38794 - "POST /api/check HTTP/1.1" 200       __init__.py:1762
INFO     → request                                                   main.py:140
INFO     # Free = 1 | # Busy = 0 | # Max = 32                     manager.py:102
INFO     [1f19a91f] Reusing (started) REPL for                    manager.py:116
         ffdf6766bb2248ca8883bc0b81403d52                                       
INFO     [1f19a91f] Running snippet health-check:                     repl.py:53
#eval 1                                                                         
INFO     [1f19a91f] Running snippet ffdf6766bb2248ca8883bc0b81403d52: repl.py:53
theorem structured_mutation_smoke (x : ℤ) (hx : x = 0) : x = 0 := by            
  have __certified_error : ¬ (x ≠ 0) := by                                      
    simpa [hx]                                                                  
  exact hx                                                                      
INFO     [1f19a91f] Response summary for                            check.py:227
         ffdf6766bb2248ca8883bc0b81403d52 body →                                
         {                                                                      
           "id": "ffdf6766bb2248ca8883bc0b81403d52",                            
           "has_response": true,                                                
           "response_keys": [                                                   
             "env",                                                             
             "infotree",                                                        
             "messages"                                                         
           ],                                                                   
           "error": null,                                                       
           "time": 0.015,                                                       
           "diagnostics": {                                                     
             "repl_uuid": "1f19a91f-ca54-4242-b267-aa5a55b5a601",               
             "cpu_max": 0.0,                                                    
             "memory_max": 0.0                                                  
           }                                                                    
         }                                                                      
INFO     [1f19a91f] Released!                                     manager.py:192
INFO     ← response                                                  main.py:142
INFO     127.0.0.1:38794 - "POST /api/check HTTP/1.1" 200       __init__.py:1762
INFO     → request                                                   main.py:140
INFO     # Free = 1 | # Busy = 0 | # Max = 32                     manager.py:102
INFO     [1f19a91f] Reusing (started) REPL for                    manager.py:116
         45b7e7221f7c4039bad0ebcdfc078df4                                       
INFO     [1f19a91f] Running snippet health-check:                     repl.py:53
#eval 1                                                                         
INFO     [1f19a91f] Running snippet 45b7e7221f7c4039bad0ebcdfc078df4: repl.py:53
theorem structured_mutation_smoke (x : ℤ) (hx : x = 0) : x = 0 := by            
  have __certified_error : ¬ (x ≠ 0) := by                                      
    simpa [hx]                                                                  
  exact hx                                                                      
INFO     [1f19a91f] Response summary for                            check.py:227
         45b7e7221f7c4039bad0ebcdfc078df4 body →                                
         {                                                                      
           "id": "45b7e7221f7c4039bad0ebcdfc078df4",                            
           "has_response": true,                                                
           "response_keys": [                                                   
             "env",                                                             
             "infotree",                                                        
             "messages"                                                         
           ],                                                                   
           "error": null,                                                       
           "time": 0.017,                                                       
           "diagnostics": {                                                     
             "repl_uuid": "1f19a91f-ca54-4242-b267-aa5a55b5a601",               
             "cpu_max": 0.0,                                                    
             "memory_max": 0.0                                                  
           }                                                                    
         }                                                                      
INFO     [1f19a91f] Released!                                     manager.py:192
INFO     ← response                                                  main.py:142
INFO     127.0.0.1:38794 - "POST /api/check HTTP/1.1" 200       __init__.py:1762
INFO     → request                                                   main.py:140
INFO     ← response                                                  main.py:142
INFO     127.0.0.1:50074 - "GET /health HTTP/1.1" 200           __init__.py:1762
INFO     → request                                                   main.py:140
INFO     # Free = 1 | # Busy = 0 | # Max = 32                     manager.py:102
INFO     [1f19a91f] Reusing (started) REPL for                    manager.py:116
         0cf7ddefe1934acc976c3d0f0b6e1f35                                       
INFO     [1f19a91f] Running snippet health-check:                     repl.py:53
#eval 1                                                                         
INFO     [1f19a91f] Running snippet 0cf7ddefe1934acc976c3d0f0b6e1f35: repl.py:53
theorem number_theory_60858 {m n : ℕ} (hm : m > 0) (hn : n > 0) (hmn : m - n =  
189) (hlcm : Nat.lcm m n = 133866) :                                            
m = 1998 ∧ n = 1809:= by                                                        
                                                                                
  replace hmn : m = n + 189:= by omega                                          
                                                                                
  set d:= Nat.gcd m n with hd                                                   
  clear_value d                                                                 
                                                                                
  have hdpos : d > 0:= by                                                       
    subst d                                                                     
    exact Nat.gcd_pos_of_pos_left n hm                                          
                                                                                
  have h1 : d ∣ m:= by subst d ; exact Nat.gcd_dvd_left m n                     
                                                                                
  have h2 : d ∣ n:= by subst d ; exact Nat.gcd_dvd_right m n                    
                                                                                
  rcases h1 with ⟨m1, hm1⟩                                                      
  rcases h2 with ⟨n1, hn1⟩                                                      
  subst m n                                                                     
                                                                                
  have h3 : d ∣ 189:= by                                                        
    have g1 : d ∣ d * n1:= by simp                                              
    suffices d ∣ d * n1 + 189 by exact (Nat.dvd_add_iff_right g1).mpr this      
    rw [hm1]                                                                    
    simp                                                                        
                                                                                
  rw [hm1] at hlcm hd                                                           
                                                                                
  rw [show Nat.lcm (d * m1) (d * n1) = d * Nat.lcm m1 n1 by rw                  
[Nat.lcm_mul_left]] at hlcm                                                     
                                                                                
  rw [show Nat.gcd (d * m1) (d * n1) = d * Nat.gcd m1 n1 by rw                  
[Nat.gcd_mul_left]] at hd                                                       
                                                                                
  replace hd : Nat.gcd m1 n1 = 1:= by exact (Nat.mul_right_eq_self_iff hdpos).mp
(id (Eq.symm hd))                                                               
                                                                                
  rw [show Nat.lcm m1 n1 = m1 * n1 by exact Nat.Coprime.lcm_eq_mul hd] at hlcm  
                                                                                
  replace h3 : d ∈ Nat.divisors 189:= by refine Nat.mem_divisors.mpr ⟨h3, by    
omega⟩                                                                          
                                                                                
  have h4 : Nat.divisors 189 = {1, 3, 7, 9, 21, 27, 63, 189}:= by native_decide 
  rw [h4] at h3                                                                 
                                                                                
  fin_cases h3                                                                  
  .                                                                             
                                                                                
    replace hlcm : IsSquare 571185:= by                                         
      simp at hm1                                                               
      subst m1                                                                  
      rw [show 571185 = (2 * n1 + 189) ^ 2 by linarith]                         
      use (2 * n1 + 189)                                                        
      ring                                                                      
    absurd hlcm                                                                 
    native_decide                                                               
  .                                                                             
                                                                                
    replace hm1 : m1 = n1 + 63:= by omega                                       
    subst m1                                                                    
    replace hlcm : IsSquare 182457:= by                                         
      rw [show 182457 = (2 * n1 + 63) ^ 2 by linarith]                          
      use (2 * n1 + 63)                                                         
      ring                                                                      
    absurd hlcm                                                                 
    native_decide                                                               
  .                                                                             
                                                                                
    omega                                                                       
  .                                                                             
                                                                                
    replace hm1 : m1 = n1 + 21:= by omega                                       
    subst m1                                                                    
    replace hlcm : IsSquare 59937:= by                                          
      rw [show 59937 = (2 * n1 + 21) ^ 2 by linarith]                           
      use (2 * n1 + 21)                                                         
      ring                                                                      
    absurd hlcm                                                                 
    native_decide                                                               
  .                                                                             
                                                                                
    omega                                                                       
  .                                                                             
                                                                                
    replace hm1 : m1 = n1 + 7:= by omega                                        
    subst m1                                                                    
                                                                                
    replace hlcm : (2 * n1 + 7) ^ 2 = 141 ^ 2:= by linarith                     
                                                                                
    replace hlcm : 2 * n1 + 7 = 141:= by nlinarith only [hlcm]                  
                                                                                
    refine ⟨by linarith, by linarith⟩                                           
                                                                                
  all_goals                                                                     
    omega                                                                       
INFO     [1f19a91f] Response summary for                            check.py:227
         0cf7ddefe1934acc976c3d0f0b6e1f35 body →                                
         {                                                                      
           "id": "0cf7ddefe1934acc976c3d0f0b6e1f35",                            
           "has_response": true,                                                
           "response_keys": [                                                   
             "env",                                                             
             "infotree"                                                         
           ],                                                                   
           "error": null,                                                       
           "time": 2.436,                                                       
           "diagnostics": {                                                     
             "repl_uuid": "1f19a91f-ca54-4242-b267-aa5a55b5a601",               
             "cpu_max": 99.70089732862692,                                      
             "memory_max": 4429258752.0                                         
           }                                                                    
         }                                                                      
INFO     [1f19a91f] Released!                                     manager.py:192
INFO     ← response                                                  main.py:142
INFO     127.0.0.1:50090 - "POST /api/check HTTP/1.1" 200       __init__.py:1762
INFO     → request                                                   main.py:140
INFO     ← response                                                  main.py:142
INFO     127.0.0.1:44504 - "GET /health HTTP/1.1" 200           __init__.py:1762
INFO     → request                                                   main.py:140
INFO     ← response                                                  main.py:142
INFO     127.0.0.1:51022 - "GET /health HTTP/1.1" 200           __init__.py:1762
INFO     → request                                                   main.py:140
INFO     ← response                                                  main.py:142
INFO     127.0.0.1:38728 - "GET /health HTTP/1.1" 200           __init__.py:1762
INFO     → request                                                   main.py:140
INFO     # Free = 1 | # Busy = 0 | # Max = 32                     manager.py:102
INFO     [1f19a91f] Reusing (started) REPL for                    manager.py:116
         02487ce9216942858ff60823905c7ed9                                       
INFO     [1f19a91f] Running snippet health-check:                     repl.py:53
#eval 1                                                                         
INFO     [1f19a91f] Running snippet 02487ce9216942858ff60823905c7ed9: repl.py:53
set_option maxRecDepth 5000                                                     
theorem aime_735 {x y : ℕ} (h : x^2 + 84*x + 2008 = y^2) : x + y = 80 := by     
                                                                                
  have step1 : y^2 = (x + 42)^2 + 244 := calc                                   
    y^2 = x^2 + 84*x + 2008 := h.symm                                           
    _ = (x + 42)^2 + 244 := by linarith                                         
                                                                                
                                                                                
  have step2 : y^2 - (x + 42)^2 = 244 := by rw [step1]; omega                   
                                                                                
                                                                                
  have step3 : (y + (x + 42)) * (y - (x + 42)) = 244 := by rw [← Nat.sq_sub_sq,←
step2]                                                                          
                                                                                
                                                                                
  have step4 : Nat.divisorsAntidiagonal 244 = {(1,244), (2,122), (4,61), (61,4),
(122,2), (244,1) } := by                                                        
    rw [← @Nat.map_div_right_divisors (244 : ℕ)]                                
    decide                                                                      
                                                                                
                                                                                
  have step5 : (y + (x + 42), (y - (x + 42))) ∈ Nat.divisorsAntidiagonal 244 := 
   Nat.mem_divisorsAntidiagonal.mpr ⟨step3,by decide⟩                           
                                                                                
                                                                                
  rw [step4] at step5                                                           
  repeat rw [Finset.mem_insert] at step5                                        
  rw [Finset.mem_singleton] at step5                                            
                                                                                
                                                                                
  cases step5 with                                                              
  | inl a => rw [Prod.mk.injEq] at a; linarith                                  
  | inr b => cases b with                                                       
    | inl a => rw [Prod.mk.injEq] at a; linarith                                
    | inr b => cases b with                                                     
      | inl a => rw [Prod.mk.injEq] at a; linarith                              
      | inr b => cases b with                                                   
        | inl a => rw [Prod.mk.injEq] at a; omega                               
        | inr b => cases b with                                                 
          | inl a => rw [Prod.mk.injEq] at a; linarith                          
          | inr a => rw [Prod.mk.injEq] at a; omega                             
INFO     [1f19a91f] Response summary for                            check.py:227
         02487ce9216942858ff60823905c7ed9 body →                                
         {                                                                      
           "id": "02487ce9216942858ff60823905c7ed9",                            
           "has_response": true,                                                
           "response_keys": [                                                   
             "env",                                                             
             "infotree"                                                         
           ],                                                                   
           "error": null,                                                       
           "time": 2.421,                                                       
           "diagnostics": {                                                     
             "repl_uuid": "1f19a91f-ca54-4242-b267-aa5a55b5a601",               
             "cpu_max": 99.8003991921352,                                       
             "memory_max": 4432695296.0                                         
           }                                                                    
         }                                                                      
INFO     [1f19a91f] Released!                                     manager.py:192
INFO     ← response                                                  main.py:142
INFO     127.0.0.1:38736 - "POST /api/check HTTP/1.1" 200       __init__.py:1762
INFO     → request                                                   main.py:140
INFO     ← response                                                  main.py:142
INFO     127.0.0.1:50174 - "GET /health HTTP/1.1" 200           __init__.py:1762
INFO     → request                                                   main.py:140
INFO     # Free = 1 | # Busy = 0 | # Max = 32                     manager.py:102
INFO     [1f19a91f] Reusing (started) REPL for                    manager.py:116
         8bb57ffaf5ce4129b6b561953695183a                                       
INFO     [1f19a91f] Running snippet health-check:                     repl.py:53
#eval 1                                                                         
INFO     [1f19a91f] Running snippet 8bb57ffaf5ce4129b6b561953695183a: repl.py:53
set_option maxRecDepth 5000                                                     
theorem aime_735 {x y : ℕ} (h : x^2 + 84*x + 2008 = y^2) : x + y = 80 := by     
                                                                                
  have step1 : y^2 = (x + 42)^2 + 244 := calc                                   
    y^2 = x^2 + 84*x + 2008 := h.symm                                           
    _ = (x + 42)^2 + 244 := by linarith                                         
                                                                                
                                                                                
  have step2 : y^2 - (x + 42)^2 = 244 := by rw [step1]; omega                   
                                                                                
                                                                                
  have step3 : (y + (x + 42)) * (y - (x + 42)) = 244 := by rw [← Nat.sq_sub_sq,←
step2]                                                                          
                                                                                
                                                                                
  have step4 : Nat.divisorsAntidiagonal 244 = {(1,244), (2,122), (4,61), (61,4),
(122,2), (244,1) } := by                                                        
    rw [← @Nat.map_div_right_divisors (244 : ℕ)]                                
    decide                                                                      
                                                                                
                                                                                
  have step5 : (y + (x + 42), (y - (x + 42))) ∈ Nat.divisorsAntidiagonal 244 := 
   Nat.mem_divisorsAntidiagonal.mpr ⟨step3,by decide⟩                           
                                                                                
                                                                                
  rw [step4] at step5                                                           
  repeat rw [Finset.mem_insert] at step5                                        
  rw [Finset.mem_singleton] at step5                                            
                                                                                
                                                                                
  cases step5 with                                                              
  | inl a => rw [Prod.mk.injEq] at a; linarith                                  
  | inr b => cases b with                                                       
    | inl a => rw [Prod.mk.injEq] at a; linarith                                
    | inr b => cases b with                                                     
      | inl a => rw [Prod.mk.injEq] at a; linarith                              
      | inr b => cases b with                                                   
        | inl a => rw [Prod.mk.injEq] at a; omega                               
        | inr b => cases b with                                                 
          | inl a => rw [Prod.mk.injEq] at a; linarith                          
          | inr a => rw [Prod.mk.injEq] at a; omega                             
INFO     [1f19a91f] Response summary for                            check.py:227
         8bb57ffaf5ce4129b6b561953695183a body →                                
         {                                                                      
           "id": "8bb57ffaf5ce4129b6b561953695183a",                            
           "has_response": true,                                                
           "response_keys": [                                                   
             "env",                                                             
             "infotree"                                                         
           ],                                                                   
           "error": null,                                                       
           "time": 2.336,                                                       
           "diagnostics": {                                                     
             "repl_uuid": "1f19a91f-ca54-4242-b267-aa5a55b5a601",               
             "cpu_max": 100.89910090604678,                                     
             "memory_max": 4445343744.0                                         
           }                                                                    
         }                                                                      
INFO     [1f19a91f] Released!                                     manager.py:192
INFO     ← response                                                  main.py:142
INFO     127.0.0.1:50180 - "POST /api/check HTTP/1.1" 200       __init__.py:1762
INFO     → request                                                   main.py:140
INFO     ← response                                                  main.py:142
INFO     127.0.0.1:56822 - "GET /health HTTP/1.1" 200           __init__.py:1762
INFO     → request                                                   main.py:140
INFO     ← response                                                  main.py:142
INFO     127.0.0.1:57646 - "GET /health HTTP/1.1" 200           __init__.py:1762
INFO     → request                                                   main.py:140
INFO     ← response                                                  main.py:142
INFO     127.0.0.1:42858 - "GET /health HTTP/1.1" 200           __init__.py:1762
INFO     → request                                                   main.py:140
INFO     # Free = 1 | # Busy = 0 | # Max = 32                     manager.py:102
INFO     [1f19a91f] Reusing (started) REPL for                    manager.py:116
         006a15f852744d66a731ade320f9cd55                                       
INFO     [1f19a91f] Running snippet health-check:                     repl.py:53
#eval 1                                                                         
INFO     [1f19a91f] Running snippet 006a15f852744d66a731ade320f9cd55: repl.py:53
set_option maxRecDepth 5000                                                     
theorem aime_735 {x y : ℕ} (h : x^2 + 84*x + 2008 = y^2) : x + y = 80 := by     
                                                                                
  have step1 : y^2 = (x + 42)^2 + 244 := calc                                   
    y^2 = x^2 + 84*x + 2008 := h.symm                                           
    _ = (x + 42)^2 + 244 := by linarith                                         
                                                                                
                                                                                
  have step2 : y^2 - (x + 42)^2 = 244 := by rw [step1]; omega                   
                                                                                
                                                                                
  have step3 : (y + (x + 42)) * (y - (x + 42)) = 244 := by rw [← Nat.sq_sub_sq,←
step2]                                                                          
                                                                                
                                                                                
  have step4 : Nat.divisorsAntidiagonal 244 = {(1,244), (2,122), (4,61), (61,4),
(122,2), (244,1) } := by                                                        
    rw [← @Nat.map_div_right_divisors (244 : ℕ)]                                
    decide                                                                      
                                                                                
                                                                                
  have step5 : (y + (x + 42), (y - (x + 42))) ∈ Nat.divisorsAntidiagonal 244 := 
   Nat.mem_divisorsAntidiagonal.mpr ⟨step3,by decide⟩                           
                                                                                
                                                                                
  rw [step4] at step5                                                           
  repeat rw [Finset.mem_insert] at step5                                        
  rw [Finset.mem_singleton] at step5                                            
                                                                                
                                                                                
  cases step5 with                                                              
  | inl a => rw [Prod.mk.injEq] at a; linarith                                  
  | inr b => cases b with                                                       
    | inl a => rw [Prod.mk.injEq] at a; linarith                                
    | inr b => cases b with                                                     
      | inl a => rw [Prod.mk.injEq] at a; linarith                              
      | inr b => cases b with                                                   
        | inl a => rw [Prod.mk.injEq] at a; omega                               
        | inr b => cases b with                                                 
          | inl a => rw [Prod.mk.injEq] at a; linarith                          
          | inr a => rw [Prod.mk.injEq] at a; omega                             
INFO     [1f19a91f] Response summary for                            check.py:227
         006a15f852744d66a731ade320f9cd55 body →                                
         {                                                                      
           "id": "006a15f852744d66a731ade320f9cd55",                            
           "has_response": true,                                                
           "response_keys": [                                                   
             "env",                                                             
             "infotree"                                                         
           ],                                                                   
           "error": null,                                                       
           "time": 2.328,                                                       
           "diagnostics": {                                                     
             "repl_uuid": "1f19a91f-ca54-4242-b267-aa5a55b5a601",               
             "cpu_max": 101.69491525159293,                                     
             "memory_max": 4461187072.0                                         
           }                                                                    
         }                                                                      
INFO     [1f19a91f] Released!                                     manager.py:192
INFO     ← response                                                  main.py:142
INFO     127.0.0.1:42870 - "POST /api/check HTTP/1.1" 200       __init__.py:1762
INFO     → request                                                   main.py:140
INFO     # Free = 1 | # Busy = 0 | # Max = 32                     manager.py:102
INFO     [1f19a91f] Reusing (started) REPL for                    manager.py:116
         0f60fdb993014db58a7dbebf19f3a6fc                                       
INFO     [1f19a91f] Running snippet health-check:                     repl.py:53
#eval 1                                                                         
INFO     [1f19a91f] Running snippet 0f60fdb993014db58a7dbebf19f3a6fc: repl.py:53
set_option maxRecDepth 5000                                                     
theorem aime_735 {x y : ℕ} (h : x^2 + 84*x + 2008 = y^2) : x + y = 80 := by     
                                                                                
  have step1 : y^2 = (x + 42)^2 + 244 := calc                                   
    y^2 = x^2 + 84*x + 2008 := h.symm                                           
    _ = (x + 42)^2 + 244 := by linarith                                         
                                                                                
                                                                                
  have step2 : y^2 - (x + 42)^2 = 244 := by rw [step1]; omega                   
                                                                                
                                                                                
  have step3 : (y + (x + 42)) * (y - (x + 42)) = 244 := by rw [← Nat.sq_sub_sq,←
step2]                                                                          
                                                                                
                                                                                
  have step4 : Nat.divisorsAntidiagonal 244 = {(1,244), (2,122), (4,61), (61,4),
(122,2), (244,1) } := by                                                        
    rw [← @Nat.map_div_right_divisors (244 : ℕ)]                                
    decide                                                                      
                                                                                
                                                                                
  have step5 : (y - (x + 42), y + (x + 42)) ∈ Nat.divisorsAntidiagonal 244 := by
apply Nat.mem_divisorsAntidiagonal.mpr; exact ⟨step3, by omega⟩                 
   Nat.mem_divisorsAntidiagonal.mpr ⟨step3,by decide⟩                           
                                                                                
                                                                                
  rw [step4] at step5                                                           
  repeat rw [Finset.mem_insert] at step5                                        
  rw [Finset.mem_singleton] at step5                                            
                                                                                
                                                                                
  cases step5 with                                                              
  | inl a => rw [Prod.mk.injEq] at a; linarith                                  
  | inr b => cases b with                                                       
    | inl a => rw [Prod.mk.injEq] at a; linarith                                
    | inr b => cases b with                                                     
      | inl a => rw [Prod.mk.injEq] at a; linarith                              
      | inr b => cases b with                                                   
        | inl a => rw [Prod.mk.injEq] at a; omega                               
        | inr b => cases b with                                                 
          | inl a => rw [Prod.mk.injEq] at a; linarith                          
          | inr a => rw [Prod.mk.injEq] at a; omega                             
INFO     [1f19a91f] Response summary for                            check.py:227
         0f60fdb993014db58a7dbebf19f3a6fc body →                                
         {                                                                      
           "id": "0f60fdb993014db58a7dbebf19f3a6fc",                            
           "has_response": true,                                                
           "response_keys": [                                                   
             "env",                                                             
             "infotree",                                                        
             "messages"                                                         
           ],                                                                   
           "error": null,                                                       
           "time": 0.638,                                                       
           "diagnostics": {                                                     
             "repl_uuid": "1f19a91f-ca54-4242-b267-aa5a55b5a601",               
             "cpu_max": 0.0,                                                    
             "memory_max": 0.0                                                  
           }                                                                    
         }                                                                      
INFO     [1f19a91f] Released!                                     manager.py:192
INFO     ← response                                                  main.py:142
INFO     127.0.0.1:55548 - "POST /api/check HTTP/1.1" 200       __init__.py:1762
INFO     → request                                                   main.py:140
INFO     # Free = 1 | # Busy = 0 | # Max = 32                     manager.py:102
INFO     [1f19a91f] Reusing (started) REPL for                    manager.py:116
         7e3d259c0ff64bc78fd46fda70486961                                       
INFO     [1f19a91f] Running snippet health-check:                     repl.py:53
#eval 1                                                                         
INFO     [1f19a91f] Running snippet 7e3d259c0ff64bc78fd46fda70486961: repl.py:53
set_option maxRecDepth 5000                                                     
example : ∃ x y : ℕ, (x^2 + 84*x + 2008 = y^2) ∧ ¬ ((y - (x + 42)) * (y + (x +  
42)) = 244 ∧ y - (x + 42) > y + (x + 42)) := by use 18, 62; constructor;        
norm_num; intro h; simp [h]; omega                                              
                                                                                
theorem aime_735 {x y : ℕ} (h : x^2 + 84*x + 2008 = y^2) : x + y = 80 := by     
                                                                                
  have step1 : y^2 = (x + 42)^2 + 244 := calc                                   
    y^2 = x^2 + 84*x + 2008 := h.symm                                           
    _ = (x + 42)^2 + 244 := by linarith                                         
                                                                                
                                                                                
  have step2 : y^2 - (x + 42)^2 = 244 := by rw [step1]; omega                   
                                                                                
                                                                                
  have step3 : (y + (x + 42)) * (y - (x + 42)) = 244 := by rw [← Nat.sq_sub_sq,←
step2]                                                                          
                                                                                
                                                                                
  have step4 : Nat.divisorsAntidiagonal 244 = {(1,244), (2,122), (4,61), (61,4),
(122,2), (244,1) } := by                                                        
    rw [← @Nat.map_div_right_divisors (244 : ℕ)]                                
    decide                                                                      
                                                                                
                                                                                
  have step5 : (y + (x + 42), (y - (x + 42))) ∈ Nat.divisorsAntidiagonal 244 := 
   Nat.mem_divisorsAntidiagonal.mpr ⟨step3,by decide⟩                           
                                                                                
                                                                                
  rw [step4] at step5                                                           
  repeat rw [Finset.mem_insert] at step5                                        
  rw [Finset.mem_singleton] at step5                                            
                                                                                
                                                                                
  cases step5 with                                                              
  | inl a => rw [Prod.mk.injEq] at a; linarith                                  
  | inr b => cases b with                                                       
    | inl a => rw [Prod.mk.injEq] at a; linarith                                
    | inr b => cases b with                                                     
      | inl a => rw [Prod.mk.injEq] at a; linarith                              
      | inr b => cases b with                                                   
        | inl a => rw [Prod.mk.injEq] at a; omega                               
        | inr b => cases b with                                                 
          | inl a => rw [Prod.mk.injEq] at a; linarith                          
          | inr a => rw [Prod.mk.injEq] at a; omega                             
INFO     [1f19a91f] Response summary for                            check.py:227
         7e3d259c0ff64bc78fd46fda70486961 body →                                
         {                                                                      
           "id": "7e3d259c0ff64bc78fd46fda70486961",                            
           "has_response": true,                                                
           "response_keys": [                                                   
             "env",                                                             
             "infotree",                                                        
             "messages"                                                         
           ],                                                                   
           "error": null,                                                       
           "time": 2.42,                                                        
           "diagnostics": {                                                     
             "repl_uuid": "1f19a91f-ca54-4242-b267-aa5a55b5a601",               
             "cpu_max": 99.70089730548365,                                      
             "memory_max": 4471201792.0                                         
           }                                                                    
         }                                                                      
INFO     [1f19a91f] Released!                                     manager.py:192
INFO     ← response                                                  main.py:142
INFO     127.0.0.1:55548 - "POST /api/check HTTP/1.1" 200       __init__.py:1762
INFO     → request                                                   main.py:140
INFO     # Free = 1 | # Busy = 0 | # Max = 32                     manager.py:102
INFO     [1f19a91f] Reusing (started) REPL for                    manager.py:116
         3e32e6bab47e42429a7d7d5ca434a6d2                                       
INFO     [1f19a91f] Running snippet health-check:                     repl.py:53
#eval 1                                                                         
INFO     [1f19a91f] Running snippet 3e32e6bab47e42429a7d7d5ca434a6d2: repl.py:53
set_option maxRecDepth 5000                                                     
theorem aime_735 {x y : ℕ} (h : x^2 + 84*x + 2008 = y^2) : x + y = 80 := by     
                                                                                
  have step1 : y^2 = (x + 42)^2 + 244 := calc                                   
    y^2 = x^2 + 84*x + 2008 := h.symm                                           
    _ = (x + 42)^2 + 244 := by linarith                                         
                                                                                
                                                                                
  have step2 : y^2 - (x + 42)^2 = 244 := by rw [step1]; omega                   
                                                                                
                                                                                
  have step3 : (y + (x + 42)) * (y - (x + 42)) = 244 := by rw [← Nat.sq_sub_sq,←
step2]                                                                          
                                                                                
                                                                                
  have step4 : Nat.divisorsAntidiagonal 244 = {(1,244), (2,122), (4,61), (61,4),
(122,2), (244,1) } := by                                                        
    rw [← @Nat.map_div_right_divisors (244 : ℕ)]                                
    decide                                                                      
                                                                                
                                                                                
  have step5 : (y - (x + 42), y + (x + 42)) ∈ Nat.divisorsAntidiagonal 244 := by
apply Nat.mem_divisorsAntidiagonal.mpr; exact ⟨step3, by omega⟩                 
                                                                                
                                                                                
  rw [step4] at step5                                                           
  repeat rw [Finset.mem_insert] at step5                                        
  rw [Finset.mem_singleton] at step5                                            
                                                                                
                                                                                
  cases step5 with                                                              
  | inl a => rw [Prod.mk.injEq] at a; linarith                                  
  | inr b => cases b with                                                       
    | inl a => rw [Prod.mk.injEq] at a; linarith                                
    | inr b => cases b with                                                     
      | inl a => rw [Prod.mk.injEq] at a; linarith                              
      | inr b => cases b with                                                   
        | inl a => rw [Prod.mk.injEq] at a; omega                               
        | inr b => cases b with                                                 
          | inl a => rw [Prod.mk.injEq] at a; linarith                          
          | inr a => rw [Prod.mk.injEq] at a; omega                             
INFO     [1f19a91f] Response summary for                            check.py:227
         3e32e6bab47e42429a7d7d5ca434a6d2 body →                                
         {                                                                      
           "id": "3e32e6bab47e42429a7d7d5ca434a6d2",                            
           "has_response": true,                                                
           "response_keys": [                                                   
             "env",                                                             
             "infotree",                                                        
             "messages"                                                         
           ],                                                                   
           "error": null,                                                       
           "time": 2.285,                                                       
           "diagnostics": {                                                     
             "repl_uuid": "1f19a91f-ca54-4242-b267-aa5a55b5a601",               
             "cpu_max": 100.79840320747917,                                     
             "memory_max": 4474441728.0                                         
           }                                                                    
         }                                                                      
INFO     [1f19a91f] Released!                                     manager.py:192
INFO     ← response                                                  main.py:142
INFO     127.0.0.1:60184 - "POST /api/check HTTP/1.1" 200       __init__.py:1762
INFO     → request                                                   main.py:140
INFO     # Free = 1 | # Busy = 0 | # Max = 32                     manager.py:102
INFO     [1f19a91f] Reusing (started) REPL for                    manager.py:116
         fbe9e418cf7743afadc51495874498e4                                       
INFO     [1f19a91f] Running snippet health-check:                     repl.py:53
#eval 1                                                                         
INFO     [1f19a91f] Running snippet fbe9e418cf7743afadc51495874498e4: repl.py:53
set_option maxRecDepth 5000                                                     
example : ∃ x y : ℕ, (x^2 + 84*x + 2008 = y^2) ∧ ¬ ((y - (x + 42)) * (y + (x +  
42)) = 244 ∧ y - (x + 42) > y + (x + 42)) := by use 18, 62; constructor;        
norm_num; intro h; simp [h]; omega                                              
                                                                                
theorem aime_735 {x y : ℕ} (h : x^2 + 84*x + 2008 = y^2) : x + y = 80 := by     
                                                                                
  have step1 : y^2 = (x + 42)^2 + 244 := calc                                   
    y^2 = x^2 + 84*x + 2008 := h.symm                                           
    _ = (x + 42)^2 + 244 := by linarith                                         
                                                                                
                                                                                
  have step2 : y^2 - (x + 42)^2 = 244 := by rw [step1]; omega                   
                                                                                
                                                                                
  have step3 : (y + (x + 42)) * (y - (x + 42)) = 244 := by rw [← Nat.sq_sub_sq,←
step2]                                                                          
                                                                                
                                                                                
  have step4 : Nat.divisorsAntidiagonal 244 = {(1,244), (2,122), (4,61), (61,4),
(122,2), (244,1) } := by                                                        
    rw [← @Nat.map_div_right_divisors (244 : ℕ)]                                
    decide                                                                      
                                                                                
                                                                                
  have step5 : (y + (x + 42), (y - (x + 42))) ∈ Nat.divisorsAntidiagonal 244 := 
   Nat.mem_divisorsAntidiagonal.mpr ⟨step3,by decide⟩                           
                                                                                
                                                                                
  rw [step4] at step5                                                           
  repeat rw [Finset.mem_insert] at step5                                        
  rw [Finset.mem_singleton] at step5                                            
                                                                                
                                                                                
  cases step5 with                                                              
  | inl a => rw [Prod.mk.injEq] at a; linarith                                  
  | inr b => cases b with                                                       
    | inl a => rw [Prod.mk.injEq] at a; linarith                                
    | inr b => cases b with                                                     
      | inl a => rw [Prod.mk.injEq] at a; linarith                              
      | inr b => cases b with                                                   
        | inl a => rw [Prod.mk.injEq] at a; omega                               
        | inr b => cases b with                                                 
          | inl a => rw [Prod.mk.injEq] at a; linarith                          
          | inr a => rw [Prod.mk.injEq] at a; omega                             
INFO     [1f19a91f] Response summary for                            check.py:227
         fbe9e418cf7743afadc51495874498e4 body →                                
         {                                                                      
           "id": "fbe9e418cf7743afadc51495874498e4",                            
           "has_response": true,                                                
           "response_keys": [                                                   
             "env",                                                             
             "infotree",                                                        
             "messages"                                                         
           ],                                                                   
           "error": null,                                                       
           "time": 2.398,                                                       
           "diagnostics": {                                                     
             "repl_uuid": "1f19a91f-ca54-4242-b267-aa5a55b5a601",               
             "cpu_max": 98.7038883324283,                                       
             "memory_max": 4484489216.0                                         
           }                                                                    
         }                                                                      
INFO     [1f19a91f] Released!                                     manager.py:192
INFO     ← response                                                  main.py:142
INFO     127.0.0.1:60184 - "POST /api/check HTTP/1.1" 200       __init__.py:1762
INFO     → request                                                   main.py:140
INFO     # Free = 1 | # Busy = 0 | # Max = 32                     manager.py:102
INFO     [1f19a91f] Reusing (started) REPL for                    manager.py:116
         9a5bfbbfdde340e18823db461d4c6c06                                       
INFO     [1f19a91f] Running snippet health-check:                     repl.py:53
#eval 1                                                                         
INFO     [1f19a91f] Running snippet 9a5bfbbfdde340e18823db461d4c6c06: repl.py:53
set_option maxRecDepth 5000                                                     
theorem aime_735 {x y : ℕ} (h : x^2 + 84*x + 2008 = y^2) : x + y = 80 := by     
                                                                                
  have step1 : y^2 = (x + 42)^2 + 244 := calc                                   
    y^2 = x^2 + 84*x + 2008 := h.symm                                           
    _ = (x + 42)^2 + 244 := by linarith                                         
                                                                                
                                                                                
  have step2 : y^2 - (x + 42)^2 = 244 := by rw [step1]; omega                   
                                                                                
                                                                                
  have step3 : (y + (x + 42)) * (y - (x + 42)) = 244 := by rw [← Nat.sq_sub_sq,←
step2]                                                                          
                                                                                
                                                                                
  have step4 : Nat.divisorsAntidiagonal 244 = {(1,244), (2,122), (4,61), (61,4),
(122,2), (244,1) } := by                                                        
    rw [← @Nat.map_div_right_divisors (244 : ℕ)]                                
    decide                                                                      
                                                                                
                                                                                
  have step5 : (y + (x + 42), (y - (x + 42))) ∈ Nat.divisorsAntidiagonal 244 := 
by apply Nat.mem_divisorsAntidiagonal.mpr; exact ⟨step3, by omega⟩              
   Nat.mem_divisorsAntidiagonal.mpr ⟨step3,by decide⟩                           
                                                                                
                                                                                
  rw [step4] at step5                                                           
  repeat rw [Finset.mem_insert] at step5                                        
  rw [Finset.mem_singleton] at step5                                            
                                                                                
                                                                                
  cases step5 with                                                              
  | inl a => rw [Prod.mk.injEq] at a; linarith                                  
  | inr b => cases b with                                                       
    | inl a => rw [Prod.mk.injEq] at a; linarith                                
    | inr b => cases b with                                                     
      | inl a => rw [Prod.mk.injEq] at a; linarith                              
      | inr b => cases b with                                                   
        | inl a => rw [Prod.mk.injEq] at a; omega                               
        | inr b => cases b with                                                 
          | inl a => rw [Prod.mk.injEq] at a; linarith                          
          | inr a => rw [Prod.mk.injEq] at a; omega                             
INFO     [1f19a91f] Response summary for                            check.py:227
         9a5bfbbfdde340e18823db461d4c6c06 body →                                
         {                                                                      
           "id": "9a5bfbbfdde340e18823db461d4c6c06",                            
           "has_response": true,                                                
           "response_keys": [                                                   
             "env",                                                             
             "infotree",                                                        
             "messages"                                                         
           ],                                                                   
           "error": null,                                                       
           "time": 0.471,                                                       
           "diagnostics": {                                                     
             "repl_uuid": "1f19a91f-ca54-4242-b267-aa5a55b5a601",               
             "cpu_max": 15.984015981398276,                                     
             "memory_max": 4484968448.0                                         
           }                                                                    
         }                                                                      
INFO     [1f19a91f] Released!                                     manager.py:192
INFO     ← response                                                  main.py:142
INFO     127.0.0.1:59844 - "POST /api/check HTTP/1.1" 200       __init__.py:1762
INFO     → request                                                   main.py:140
INFO     # Free = 1 | # Busy = 0 | # Max = 32                     manager.py:102
INFO     [1f19a91f] Reusing (started) REPL for                    manager.py:116
         a6de8582a14a48deb656996dfdc8dc68                                       
INFO     [1f19a91f] Running snippet health-check:                     repl.py:53
#eval 1                                                                         
INFO     [1f19a91f] Running snippet a6de8582a14a48deb656996dfdc8dc68: repl.py:53
set_option maxRecDepth 5000                                                     
example : ∃ x y : ℤ, (x^2 + 84*x + 2008 = y^2) ∧ ¬ ((y + (x + 42)) * (y - (x +  
42)) = 244 ∧ y + (x + 42) ≠ y - (x + 42)) := by use -102, -62; constructor;     
norm_num; intro h; simp [h]; omega                                              
                                                                                
theorem aime_735 {x y : ℕ} (h : x^2 + 84*x + 2008 = y^2) : x + y = 80 := by     
                                                                                
  have step1 : y^2 = (x + 42)^2 + 244 := calc                                   
    y^2 = x^2 + 84*x + 2008 := h.symm                                           
    _ = (x + 42)^2 + 244 := by linarith                                         
                                                                                
                                                                                
  have step2 : y^2 - (x + 42)^2 = 244 := by rw [step1]; omega                   
                                                                                
                                                                                
  have step3 : (y + (x + 42)) * (y - (x + 42)) = 244 := by rw [← Nat.sq_sub_sq,←
step2]                                                                          
                                                                                
                                                                                
  have step4 : Nat.divisorsAntidiagonal 244 = {(1,244), (2,122), (4,61), (61,4),
(122,2), (244,1) } := by                                                        
    rw [← @Nat.map_div_right_divisors (244 : ℕ)]                                
    decide                                                                      
                                                                                
                                                                                
  have step5 : (y + (x + 42), (y - (x + 42))) ∈ Nat.divisorsAntidiagonal 244 := 
   Nat.mem_divisorsAntidiagonal.mpr ⟨step3,by decide⟩                           
                                                                                
                                                                                
  rw [step4] at step5                                                           
  repeat rw [Finset.mem_insert] at step5                                        
  rw [Finset.mem_singleton] at step5                                            
                                                                                
                                                                                
  cases step5 with                                                              
  | inl a => rw [Prod.mk.injEq] at a; linarith                                  
  | inr b => cases b with                                                       
    | inl a => rw [Prod.mk.injEq] at a; linarith                                
    | inr b => cases b with                                                     
      | inl a => rw [Prod.mk.injEq] at a; linarith                              
      | inr b => cases b with                                                   
        | inl a => rw [Prod.mk.injEq] at a; omega                               
        | inr b => cases b with                                                 
          | inl a => rw [Prod.mk.injEq] at a; linarith                          
          | inr a => rw [Prod.mk.injEq] at a; omega                             
INFO     [1f19a91f] Response summary for                            check.py:227
         a6de8582a14a48deb656996dfdc8dc68 body →                                
         {                                                                      
           "id": "a6de8582a14a48deb656996dfdc8dc68",                            
           "has_response": true,                                                
           "response_keys": [                                                   
             "env",                                                             
             "infotree",                                                        
             "messages"                                                         
           ],                                                                   
           "error": null,                                                       
           "time": 2.403,                                                       
           "diagnostics": {                                                     
             "repl_uuid": "1f19a91f-ca54-4242-b267-aa5a55b5a601",               
             "cpu_max": 99.80039921532541,                                      
             "memory_max": 4487663616.0                                         
           }                                                                    
         }                                                                      
INFO     [1f19a91f] Released!                                     manager.py:192
INFO     ← response                                                  main.py:142
INFO     127.0.0.1:59844 - "POST /api/check HTTP/1.1" 200       __init__.py:1762
INFO     → request                                                   main.py:140
INFO     ← response                                                  main.py:142
INFO     127.0.0.1:58056 - "GET /health HTTP/1.1" 200           __init__.py:1762
INFO     → request                                                   main.py:140
INFO     # Free = 1 | # Busy = 0 | # Max = 32                     manager.py:102
INFO     [1f19a91f] Reusing (started) REPL for                    manager.py:116
         88de620108ac4b09bc23f501f2cb211b                                       
INFO     [1f19a91f] Running snippet health-check:                     repl.py:53
#eval 1                                                                         
INFO     [1f19a91f] Running snippet 88de620108ac4b09bc23f501f2cb211b: repl.py:53
set_option maxRecDepth 5000                                                     
theorem aime_735 {x y : ℕ} (h : x^2 + 84*x + 2008 = y^2) : x + y = 80 := by     
                                                                                
  have step1 : y^2 = (x + 42)^2 + 244 := calc                                   
    y^2 = x^2 + 84*x + 2008 := h.symm                                           
    _ = (x + 42)^2 + 244 := by linarith                                         
                                                                                
                                                                                
  have step2 : y^2 - (x + 42)^2 = 244 := by rw [step1]; omega                   
                                                                                
                                                                                
  have step3 : (y + (x + 42)) * (y - (x + 42)) = 244 := by rw [← Nat.sq_sub_sq,←
step2]                                                                          
                                                                                
                                                                                
  have step4 : Nat.divisorsAntidiagonal 244 = {(1,244), (2,122), (4,61), (61,4),
(122,2), (244,1) } := by                                                        
    rw [← @Nat.map_div_right_divisors (244 : ℕ)]                                
    decide                                                                      
                                                                                
                                                                                
  have step5 : (y + (x + 42), (y - (x + 42))) ∈ Nat.divisorsAntidiagonal 244 := 
   Nat.mem_divisorsAntidiagonal.mpr ⟨step3,by decide⟩                           
                                                                                
                                                                                
  rw [step4] at step5                                                           
  repeat rw [Finset.mem_insert] at step5                                        
  rw [Finset.mem_singleton] at step5                                            
                                                                                
                                                                                
  cases step5 with                                                              
  | inl a => rw [Prod.mk.injEq] at a; linarith                                  
  | inr b => cases b with                                                       
    | inl a => rw [Prod.mk.injEq] at a; linarith                                
    | inr b => cases b with                                                     
      | inl a => rw [Prod.mk.injEq] at a; linarith                              
      | inr b => cases b with                                                   
        | inl a => rw [Prod.mk.injEq] at a; omega                               
        | inr b => cases b with                                                 
          | inl a => rw [Prod.mk.injEq] at a; linarith                          
          | inr a => rw [Prod.mk.injEq] at a; omega                             
INFO     [1f19a91f] Response summary for                            check.py:227
         88de620108ac4b09bc23f501f2cb211b body →                                
         {                                                                      
           "id": "88de620108ac4b09bc23f501f2cb211b",                            
           "has_response": true,                                                
           "response_keys": [                                                   
             "env",                                                             
             "infotree"                                                         
           ],                                                                   
           "error": null,                                                       
           "time": 2.415,                                                       
           "diagnostics": {                                                     
             "repl_uuid": "1f19a91f-ca54-4242-b267-aa5a55b5a601",               
             "cpu_max": 98.80239520021476,                                      
             "memory_max": 4500983808.0                                         
           }                                                                    
         }                                                                      
INFO     [1f19a91f] Released!                                     manager.py:192
INFO     ← response                                                  main.py:142
INFO     127.0.0.1:58070 - "POST /api/check HTTP/1.1" 200       __init__.py:1762
INFO     → request                                                   main.py:140
INFO     ← response                                                  main.py:142
INFO     127.0.0.1:33746 - "GET /health HTTP/1.1" 200           __init__.py:1762
INFO     → request                                                   main.py:140
INFO     # Free = 1 | # Busy = 0 | # Max = 32                     manager.py:102
INFO     [1f19a91f] Reusing (started) REPL for                    manager.py:116
         746e19904c854945b092c1e1721703a8                                       
INFO     [1f19a91f] Running snippet health-check:                     repl.py:53
#eval 1                                                                         
WARNING  [1f19a91f] Health check failed: command timed out after     repl.py:486
         5.0s                                                                   
WARNING  [1f19a91f] Reused REPL failed health check, marking for  manager.py:228
         destruction                                                            
WARNING  REPL prep failed (likely unresponsive REPL): REPL 1f19a91f  check.py:84
         failed health check and is not responsive                              
INFO     # Free = 0 | # Busy = 0 | # Max = 32                     manager.py:102
INFO     Closing REPL 1f19a91f                                       repl.py:550
INFO     [5a086e1a] Started                                          repl.py:222
INFO     [5a086e1a] Running snippet                                   repl.py:53
         746e19904c854945b092c1e1721703a8-header:                               
import Mathlib                                                                  
INFO     Closed REPL 1f19a91f                                        repl.py:553
INFO     → request                                                   main.py:140
INFO     # Free = 0 | # Busy = 1 | # Max = 32                     manager.py:102
INFO     [4481dd3c] Started                                          repl.py:222
INFO     [4481dd3c] Running snippet                                   repl.py:53
         b692008c78fa4ab7b326aebe0e3393e1-header:                               
import Mathlib                                                                  
INFO     → request                                                   main.py:140
INFO     # Free = 0 | # Busy = 2 | # Max = 32                     manager.py:102
INFO     [e115987c] Started                                          repl.py:222
INFO     [e115987c] Running snippet                                   repl.py:53
         121c4218cd414ff7a8670ec0d242f6b8-header:                               
import Mathlib                                                                  
INFO     → request                                                   main.py:140
INFO     # Free = 0 | # Busy = 3 | # Max = 32                     manager.py:102
INFO     [f6835c9b] Started                                          repl.py:222
INFO     [f6835c9b] Running snippet                                   repl.py:53
         8fca526877ad4d338c0d24a3bd73c356-header:                               
import Mathlib                                                                  
INFO     [5a086e1a] Running snippet 746e19904c854945b092c1e1721703a8: repl.py:53
set_option maxRecDepth 5000                                                     
theorem aime_735 {x y : ℕ} (h : x^2 + 84*x + 2008 = y^2) : x + y = 80 := by     
                                                                                
  have step1 : y^2 = (x + 42)^2 + 244 := calc                                   
    y^2 = x^2 + 84*x + 2008 := h.symm                                           
    _ = (x + 42)^2 + 244 := by linarith                                         
                                                                                
                                                                                
  have step2 : y^2 - (x + 42)^2 = 244 := by rw [step1]; omega                   
                                                                                
                                                                                
  have step3 : (y + (x + 42)) * (y - (x + 42)) = 244 := by rw [← Nat.sq_sub_sq,←
step2]                                                                          
                                                                                
                                                                                
  have step4 : Nat.divisorsAntidiagonal 244 = {(1,244), (2,122), (4,61), (61,4),
(122,2), (244,1) } := by                                                        
    rw [← @Nat.map_div_right_divisors (244 : ℕ)]                                
    decide                                                                      
                                                                                
                                                                                
  have step5 : (y + (x + 42), (y - (x + 42))) ∈ Nat.divisorsAntidiagonal 244 := 
   Nat.mem_divisorsAntidiagonal.mpr ⟨step3,by decide⟩                           
                                                                                
                                                                                
  rw [step4] at step5                                                           
  repeat rw [Finset.mem_insert] at step5                                        
  rw [Finset.mem_singleton] at step5                                            
                                                                                
                                                                                
  cases step5 with                                                              
  | inl a => rw [Prod.mk.injEq] at a; linarith                                  
  | inr b => cases b with                                                       
    | inl a => rw [Prod.mk.injEq] at a; linarith                                
    | inr b => cases b with                                                     
      | inl a => rw [Prod.mk.injEq] at a; linarith                              
      | inr b => cases b with                                                   
        | inl a => rw [Prod.mk.injEq] at a; omega                               
        | inr b => cases b with                                                 
          | inl a => rw [Prod.mk.injEq] at a; linarith                          
          | inr a => rw [Prod.mk.injEq] at a; omega                             
INFO     [f6835c9b] Running snippet 8fca526877ad4d338c0d24a3bd73c356: repl.py:53
set_option maxRecDepth 5000 -- we need this to factorise 244                    
theorem aime_735 {x y : ℕ} (h : x^2 + 84*x + 2008 = y^2) : x + y = 80 := by     
  -- complete the square                                                        
  have step1 : y^2 = (x + 42)^2 + 244 := calc                                   
    y^2 = x^2 + 84*x + 2008 := h.symm                                           
    _ = (x + 42)^2 + 244 := by linarith                                         
                                                                                
  -- rearrange                                                                  
  have step2 : y^2 - (x + 42)^2 = 244 := by rw [step1]; omega                   
                                                                                
  -- factorise the difference of squares                                        
  have step3 : (y + (x + 42)) * (y - (x + 42)) = 244 := by rw [← Nat.sq_sub_sq,←
step2]                                                                          
                                                                                
  -- factorise the right-hand side                                              
  have step4 : Nat.divisorsAntidiagonal 244 = {(1,244), (2,122), (4,61), (61,4),
(122,2), (244,1) } := by                                                        
    rw [← @Nat.map_div_right_divisors (244 : ℕ)]                                
    decide                                                                      
                                                                                
  -- match the divisors                                                         
  have step5 : (y + (x + 42), (y - (x + 42))) ∈ Nat.divisorsAntidiagonal 244 := 
   Nat.mem_divisorsAntidiagonal.mpr ⟨step3,by decide⟩                           
                                                                                
  -- replace the divisors by the known list                                     
  rw [step4] at step5                                                           
  repeat rw [Finset.mem_insert] at step5                                        
  rw [Finset.mem_singleton] at step5                                            
                                                                                
  -- we now do a case-by-case analysis                                          
  cases step5 with                                                              
  | inl a => rw [Prod.mk.injEq] at a; linarith -- impossible by inequality      
  | inr b => cases b with                                                       
    | inl a => rw [Prod.mk.injEq] at a; linarith -- impossible by inequality    
    | inr b => cases b with                                                     
      | inl a => rw [Prod.mk.injEq] at a; linarith -- impossible by inequality  
      | inr b => cases b with                                                   
        | inl a => rw [Prod.mk.injEq] at a; omega -- impossible by parity       
        | inr b => cases b with                                                 
          | inl a => rw [Prod.mk.injEq] at a; linarith -- the correct solution  
          | inr a => rw [Prod.mk.injEq] at a; omega -- impossible by parity     
INFO     [e115987c] Running snippet 121c4218cd414ff7a8670ec0d242f6b8: repl.py:53
set_option maxRecDepth 5000                                                     
theorem aime_735 {x y : ℕ} (h : x^2 + 84*x + 2008 = y^2) : x + y = 80 := by     
                                                                                
  have step1 : y^2 = (x + 42)^2 + 244 := calc                                   
    y^2 = x^2 + 84*x + 2008 := h.symm                                           
    _ = (x + 42)^2 + 244 := by linarith                                         
                                                                                
                                                                                
  have step2 : y^2 - (x + 42)^2 = 244 := by rw [step1]; omega                   
                                                                                
                                                                                
  have step3 : (y + (x + 42)) * (y - (x + 42)) = 244 := by rw [← Nat.sq_sub_sq,←
step2]                                                                          
                                                                                
                                                                                
  have step4 : Nat.divisorsAntidiagonal 244 = {(1,244), (2,122), (4,61), (61,4),
(122,2), (244,1) } := by                                                        
    rw [← @Nat.map_div_right_divisors (244 : ℕ)]                                
    decide                                                                      
                                                                                
                                                                                
  have step5 : (y + (x + 42), (y - (x + 42))) ∈ Nat.divisorsAntidiagonal 244 := 
   Nat.mem_divisorsAntidiagonal.mpr ⟨step3,by decide⟩                           
                                                                                
                                                                                
  rw [step4] at step5                                                           
  repeat rw [Finset.mem_insert] at step5                                        
  rw [Finset.mem_singleton] at step5                                            
                                                                                
                                                                                
  cases step5 with                                                              
  | inl a => rw [Prod.mk.injEq] at a; linarith                                  
  | inr b => cases b with                                                       
    | inl a => rw [Prod.mk.injEq] at a; linarith                                
    | inr b => cases b with                                                     
      | inl a => rw [Prod.mk.injEq] at a; linarith                              
      | inr b => cases b with                                                   
        | inl a => rw [Prod.mk.injEq] at a; omega                               
        | inr b => cases b with                                                 
          | inl a => rw [Prod.mk.injEq] at a; linarith                          
          | inr a => rw [Prod.mk.injEq] at a; omega                             
INFO     [4481dd3c] Running snippet b692008c78fa4ab7b326aebe0e3393e1: repl.py:53
set_option maxRecDepth 5000                                                     
theorem aime_735 {x y : ℕ} (h : x^2 + 84*x + 2008 = y^2) : x + y = 80 := by     
                                                                                
  have step1 : y^2 = (x + 42)^2 + 244 := calc                                   
    y^2 = x^2 + 84*x + 2008 := h.symm                                           
    _ = (x + 42)^2 + 244 := by linarith                                         
                                                                                
                                                                                
  have step2 : y^2 - (x + 42)^2 = 244 := by rw [step1]; omega                   
                                                                                
                                                                                
  have step3 : (y + (x + 42)) * (y - (x + 42)) = 244 := by rw [← Nat.sq_sub_sq,←
step2]                                                                          
                                                                                
                                                                                
  have step4 : Nat.divisorsAntidiagonal 244 = {(1,244), (2,122), (4,61), (61,4),
(122,2), (244,1) } := by                                                        
    rw [← @Nat.map_div_right_divisors (244 : ℕ)]                                
    decide                                                                      
                                                                                
                                                                                
  have step5 : (y + (x + 42), (y - (x + 42))) ∈ Nat.divisorsAntidiagonal 244 := 
   Nat.mem_divisorsAntidiagonal.mpr ⟨step3,by decide⟩                           
                                                                                
                                                                                
  rw [step4] at step5                                                           
  repeat rw [Finset.mem_insert] at step5                                        
  rw [Finset.mem_singleton] at step5                                            
                                                                                
                                                                                
  cases step5 with                                                              
  | inl a => rw [Prod.mk.injEq] at a; linarith                                  
  | inr b => cases b with                                                       
    | inl a => rw [Prod.mk.injEq] at a; linarith                                
    | inr b => cases b with                                                     
      | inl a => rw [Prod.mk.injEq] at a; linarith                              
      | inr b => cases b with                                                   
        | inl a => rw [Prod.mk.injEq] at a; omega                               
        | inr b => cases b with                                                 
          | inl a => rw [Prod.mk.injEq] at a; linarith                          
          | inr a => rw [Prod.mk.injEq] at a; omega                             
INFO      Response summary for 121c4218cd414ff7a8670ec0d242f6b8     check.py:227
         body →                                                                 
         {                                                                      
           "id": "121c4218cd414ff7a8670ec0d242f6b8",                            
           "has_response": true,                                                
           "response_keys": [                                                   
             "env",                                                             
             "infotree"                                                         
           ],                                                                   
           "error": null,                                                       
           "time": 2.632,                                                       
           "diagnostics": {                                                     
             "repl_uuid": "e115987c-7ac0-437c-b009-c12a3cd7e791",               
             "cpu_max": 98.2142856999483,                                       
             "memory_max": 4224778240.0                                         
           }                                                                    
         }                                                                      
INFO     [e115987c] Released!                                     manager.py:192
INFO     ← response                                                  main.py:142
INFO     127.0.0.1:57858 - "POST /api/check HTTP/1.1" 200       __init__.py:1762
INFO     [4481dd3c] Response summary for                            check.py:227
         b692008c78fa4ab7b326aebe0e3393e1 body →                                
         {                                                                      
           "id": "b692008c78fa4ab7b326aebe0e3393e1",                            
           "has_response": true,                                                
           "response_keys": [                                                   
             "env",                                                             
             "infotree"                                                         
           ],                                                                   
           "error": null,                                                       
           "time": 3.207,                                                       
           "diagnostics": {                                                     
             "repl_uuid": "4481dd3c-cf07-42e6-aed4-741a1eaae857",               
             "cpu_max": 99.90108801453472,                                      
             "memory_max": 4228718592.0                                         
           }                                                                    
         }                                                                      
INFO     [4481dd3c] Released!                                     manager.py:192
INFO     ← response                                                  main.py:142
INFO     127.0.0.1:52982 - "POST /api/check HTTP/1.1" 200       __init__.py:1762
INFO      Response summary for 8fca526877ad4d338c0d24a3bd73c356     check.py:227
         body →                                                                 
         {                                                                      
           "id": "8fca526877ad4d338c0d24a3bd73c356",                            
           "has_response": true,                                                
           "response_keys": [                                                   
             "env",                                                             
             "infotree"                                                         
           ],                                                                   
           "error": null,                                                       
           "time": 3.623,                                                       
           "diagnostics": {                                                     
             "repl_uuid": "f6835c9b-3a8f-4644-ac51-5c911f051071",               
             "cpu_max": 100.89020769784692,                                     
             "memory_max": 4356435968.0                                         
           }                                                                    
         }                                                                      
INFO     [f6835c9b] Released!                                     manager.py:192
INFO     [5a086e1a] Response summary for                            check.py:227
         746e19904c854945b092c1e1721703a8 body →                                
         {                                                                      
           "id": "746e19904c854945b092c1e1721703a8",                            
           "has_response": true,                                                
           "response_keys": [                                                   
             "env",                                                             
             "infotree"                                                         
           ],                                                                   
           "error": null,                                                       
           "time": 3.653,                                                       
           "diagnostics": {                                                     
             "repl_uuid": "5a086e1a-eb31-4b6e-a9ed-6ec9c194432c",               
             "cpu_max": 100.0991080199892,                                      
             "memory_max": 4224798720.0                                         
           }                                                                    
         }                                                                      
INFO     [5a086e1a] Released!                                     manager.py:192
INFO     ← response                                                  main.py:142
INFO     127.0.0.1:35282 - "POST /api/check HTTP/1.1" 200       __init__.py:1762
INFO     ← response                                                  main.py:142
INFO     127.0.0.1:38812 - "POST /api/check HTTP/1.1" 200       __init__.py:1762
INFO     → request                                                   main.py:140
INFO     # Free = 4 | # Busy = 0 | # Max = 32                     manager.py:102
INFO     [e115987c] Reusing (started) REPL for                    manager.py:116
         f0c85a36fa2b4cb1ad6ed2e805f137d6                                       
INFO     [e115987c] Running snippet health-check:                     repl.py:53
#eval 1                                                                         
INFO     [e115987c] Running snippet f0c85a36fa2b4cb1ad6ed2e805f137d6: repl.py:53
set_option maxRecDepth 5000 -- we need this to factorise 244                    
theorem aime_735 {x y : ℕ} (h : x^2 + 84*x + 2008 = y^2) : x + y = 80 := by     
  -- complete the square                                                        
  have step1 : y^2 = (x + 42)^2 + 245 := calc                                   
    y^2 = x^2 + 84*x + 2008 := h.symm                                           
    _ = (x + 42)^2 + 245 := by linarith                                         
                                                                                
  -- rearrange                                                                  
  have step2 : y^2 - (x + 42)^2 = 244 := by rw [step1]; omega                   
                                                                                
  -- factorise the difference of squares                                        
  have step3 : (y + (x + 42)) * (y - (x + 42)) = 244 := by rw [← Nat.sq_sub_sq,←
step2]                                                                          
                                                                                
  -- factorise the right-hand side                                              
  have step4 : Nat.divisorsAntidiagonal 244 = {(1,244), (2,122), (4,61), (61,4),
(122,2), (244,1) } := by                                                        
    rw [← @Nat.map_div_right_divisors (244 : ℕ)]                                
    decide                                                                      
                                                                                
  -- match the divisors                                                         
  have step5 : (y + (x + 42), (y - (x + 42))) ∈ Nat.divisorsAntidiagonal 244 := 
   Nat.mem_divisorsAntidiagonal.mpr ⟨step3,by decide⟩                           
                                                                                
  -- replace the divisors by the known list                                     
  rw [step4] at step5                                                           
  repeat rw [Finset.mem_insert] at step5                                        
  rw [Finset.mem_singleton] at step5                                            
                                                                                
  -- we now do a case-by-case analysis                                          
  cases step5 with                                                              
  | inl a => rw [Prod.mk.injEq] at a; linarith -- impossible by inequality      
  | inr b => cases b with                                                       
    | inl a => rw [Prod.mk.injEq] at a; linarith -- impossible by inequality    
    | inr b => cases b with                                                     
      | inl a => rw [Prod.mk.injEq] at a; linarith -- impossible by inequality  
      | inr b => cases b with                                                   
        | inl a => rw [Prod.mk.injEq] at a; omega -- impossible by parity       
        | inr b => cases b with                                                 
          | inl a => rw [Prod.mk.injEq] at a; linarith -- the correct solution  
          | inr a => rw [Prod.mk.injEq] at a; omega -- impossible by parity     
INFO      Response summary for f0c85a36fa2b4cb1ad6ed2e805f137d6     check.py:227
         body →                                                                 
         {                                                                      
           "id": "f0c85a36fa2b4cb1ad6ed2e805f137d6",                            
           "has_response": true,                                                
           "response_keys": [                                                   
             "env",                                                             
             "infotree",                                                        
             "messages"                                                         
           ],                                                                   
           "error": null,                                                       
           "time": 2.378,                                                       
           "diagnostics": {                                                     
             "repl_uuid": "e115987c-7ac0-437c-b009-c12a3cd7e791",               
             "cpu_max": 98.50746269752139,                                      
             "memory_max": 4234989568.0                                         
           }                                                                    
         }                                                                      
INFO     [e115987c] Released!                                     manager.py:192
INFO     ← response                                                  main.py:142
INFO     127.0.0.1:58864 - "POST /api/check HTTP/1.1" 200       __init__.py:1762
INFO     → request                                                   main.py:140
INFO     # Free = 4 | # Busy = 0 | # Max = 32                     manager.py:102
INFO     [4481dd3c] Reusing (started) REPL for                    manager.py:116
         a75c9b671b244ed2bf7e6efc0880748c                                       
INFO     [4481dd3c] Running snippet health-check:                     repl.py:53
#eval 1                                                                         
INFO     [4481dd3c] Running snippet a75c9b671b244ed2bf7e6efc0880748c: repl.py:53
set_option maxRecDepth 5000 -- we need this to factorise 244                    
theorem aime_735 {x y : ℕ} (h : x^2 + 84*x + 2008 = y^2) : x + y = 80 := by     
  -- complete the square                                                        
  have __certified_error : ¬ (x ^ 2 + 84 * x + 2008 = (x + 42) ^ 2 + 245) := by 
    intro hbad                                                                  
    nlinarith [h]                                                               
  have step1 : y^2 = (x + 42)^2 + 244 := calc                                   
    y^2 = x^2 + 84*x + 2008 := h.symm                                           
    _ = (x + 42)^2 + 244 := by linarith                                         
                                                                                
  -- rearrange                                                                  
  have step2 : y^2 - (x + 42)^2 = 244 := by rw [step1]; omega                   
                                                                                
  -- factorise the difference of squares                                        
  have step3 : (y + (x + 42)) * (y - (x + 42)) = 244 := by rw [← Nat.sq_sub_sq,←
step2]                                                                          
                                                                                
  -- factorise the right-hand side                                              
  have step4 : Nat.divisorsAntidiagonal 244 = {(1,244), (2,122), (4,61), (61,4),
(122,2), (244,1) } := by                                                        
    rw [← @Nat.map_div_right_divisors (244 : ℕ)]                                
    decide                                                                      
                                                                                
  -- match the divisors                                                         
  have step5 : (y + (x + 42), (y - (x + 42))) ∈ Nat.divisorsAntidiagonal 244 := 
   Nat.mem_divisorsAntidiagonal.mpr ⟨step3,by decide⟩                           
                                                                                
  -- replace the divisors by the known list                                     
  rw [step4] at step5                                                           
  repeat rw [Finset.mem_insert] at step5                                        
  rw [Finset.mem_singleton] at step5                                            
                                                                                
  -- we now do a case-by-case analysis                                          
  cases step5 with                                                              
  | inl a => rw [Prod.mk.injEq] at a; linarith -- impossible by inequality      
  | inr b => cases b with                                                       
    | inl a => rw [Prod.mk.injEq] at a; linarith -- impossible by inequality    
    | inr b => cases b with                                                     
      | inl a => rw [Prod.mk.injEq] at a; linarith -- impossible by inequality  
      | inr b => cases b with                                                   
        | inl a => rw [Prod.mk.injEq] at a; omega -- impossible by parity       
        | inr b => cases b with                                                 
          | inl a => rw [Prod.mk.injEq] at a; linarith -- the correct solution  
          | inr a => rw [Prod.mk.injEq] at a; omega -- impossible by parity     
INFO     [4481dd3c] Response summary for                            check.py:227
         a75c9b671b244ed2bf7e6efc0880748c body →                                
         {                                                                      
           "id": "a75c9b671b244ed2bf7e6efc0880748c",                            
           "has_response": true,                                                
           "response_keys": [                                                   
             "env",                                                             
             "infotree"                                                         
           ],                                                                   
           "error": null,                                                       
           "time": 3.437,                                                       
           "diagnostics": {                                                     
             "repl_uuid": "4481dd3c-cf07-42e6-aed4-741a1eaae857",               
             "cpu_max": 100.09910801998929,                                     
             "memory_max": 4243591168.0                                         
           }                                                                    
         }                                                                      
INFO     [4481dd3c] Released!                                     manager.py:192
INFO     ← response                                                  main.py:142
INFO     127.0.0.1:58876 - "POST /api/check HTTP/1.1" 200       __init__.py:1762
INFO     → request                                                   main.py:140
INFO     ← response                                                  main.py:142
INFO     127.0.0.1:36482 - "GET /health HTTP/1.1" 200           __init__.py:1762
INFO     → request                                                   main.py:140
INFO     # Free = 4 | # Busy = 0 | # Max = 32                     manager.py:102
INFO     [f6835c9b] Reusing (started) REPL for                    manager.py:116
         8defbaea26334997a9f14e0049d3ac02                                       
INFO     [f6835c9b] Running snippet health-check:                     repl.py:53
#eval 1                                                                         
INFO     [f6835c9b] Running snippet 8defbaea26334997a9f14e0049d3ac02: repl.py:53
set_option maxRecDepth 5000                                                     
theorem aime_735 {x y : ℕ} (h : x^2 + 84*x + 2008 = y^2) : x + y = 80 := by     
                                                                                
  have step1 : y^2 = (x + 42)^2 + 244 := calc                                   
    y^2 = x^2 + 84*x + 2008 := h.symm                                           
    _ = (x + 42)^2 + 244 := by linarith                                         
                                                                                
                                                                                
  have step2 : y^2 - (x + 42)^2 = 244 := by rw [step1]; omega                   
                                                                                
                                                                                
  have step3 : (y + (x + 42)) * (y - (x + 42)) = 244 := by rw [← Nat.sq_sub_sq,←
step2]                                                                          
                                                                                
                                                                                
  have step4 : Nat.divisorsAntidiagonal 244 = {(1,244), (2,122), (4,61), (61,4),
(122,2), (244,1) } := by                                                        
    rw [← @Nat.map_div_right_divisors (244 : ℕ)]                                
    decide                                                                      
                                                                                
                                                                                
  have step5 : (y + (x + 42), (y - (x + 42))) ∈ Nat.divisorsAntidiagonal 244 := 
   Nat.mem_divisorsAntidiagonal.mpr ⟨step3,by decide⟩                           
                                                                                
                                                                                
  rw [step4] at step5                                                           
  repeat rw [Finset.mem_insert] at step5                                        
  rw [Finset.mem_singleton] at step5                                            
                                                                                
                                                                                
  cases step5 with                                                              
  | inl a => rw [Prod.mk.injEq] at a; linarith                                  
  | inr b => cases b with                                                       
    | inl a => rw [Prod.mk.injEq] at a; linarith                                
    | inr b => cases b with                                                     
      | inl a => rw [Prod.mk.injEq] at a; linarith                              
      | inr b => cases b with                                                   
        | inl a => rw [Prod.mk.injEq] at a; omega                               
        | inr b => cases b with                                                 
          | inl a => rw [Prod.mk.injEq] at a; linarith                          
          | inr a => rw [Prod.mk.injEq] at a; omega                             
INFO      Response summary for 8defbaea26334997a9f14e0049d3ac02     check.py:227
         body →                                                                 
         {                                                                      
           "id": "8defbaea26334997a9f14e0049d3ac02",                            
           "has_response": true,                                                
           "response_keys": [                                                   
             "env",                                                             
             "infotree"                                                         
           ],                                                                   
           "error": null,                                                       
           "time": 2.35,                                                        
           "diagnostics": {                                                     
             "repl_uuid": "f6835c9b-3a8f-4644-ac51-5c911f051071",               
             "cpu_max": 99.60552268573926,                                      
             "memory_max": 4360343552.0                                         
           }                                                                    
         }                                                                      
INFO     [f6835c9b] Released!                                     manager.py:192
INFO     ← response                                                  main.py:142
INFO     127.0.0.1:36488 - "POST /api/check HTTP/1.1" 200       __init__.py:1762
INFO     → request                                                   main.py:140
INFO     ← response                                                  main.py:142
INFO     127.0.0.1:48792 - "GET /health HTTP/1.1" 200           __init__.py:1762
INFO     → request                                                   main.py:140
INFO     # Free = 4 | # Busy = 0 | # Max = 32                     manager.py:102
INFO     [5a086e1a] Reusing (started) REPL for                    manager.py:116
         f3b513bd337249a6a78355fb62ed8f34                                       
INFO     [5a086e1a] Running snippet health-check:                     repl.py:53
#eval 1                                                                         
INFO     [5a086e1a] Running snippet f3b513bd337249a6a78355fb62ed8f34: repl.py:53
set_option maxRecDepth 5000                                                     
theorem aime_735 {x y : ℕ} (h : x^2 + 84*x + 2008 = y^2) : x + y = 80 := by     
                                                                                
  have step1 : y^2 = (x + 42)^2 + 244 := calc                                   
    y^2 = x^2 + 84*x + 2008 := h.symm                                           
    _ = (x + 42)^2 + 244 := by linarith                                         
                                                                                
                                                                                
  have step2 : y^2 - (x + 42)^2 = 244 := by rw [step1]; omega                   
                                                                                
                                                                                
  have step3 : (y + (x + 42)) * (y - (x + 42)) = 244 := by rw [← Nat.sq_sub_sq,←
step2]                                                                          
                                                                                
                                                                                
  have step4 : Nat.divisorsAntidiagonal 244 = {(1,244), (2,122), (4,61), (61,4),
(122,2), (244,1) } := by                                                        
    rw [← @Nat.map_div_right_divisors (244 : ℕ)]                                
    decide                                                                      
                                                                                
                                                                                
  have step5 : (y + (x + 42), (y - (x + 42))) ∈ Nat.divisorsAntidiagonal 244 := 
   Nat.mem_divisorsAntidiagonal.mpr ⟨step3,by decide⟩                           
                                                                                
                                                                                
  rw [step4] at step5                                                           
  repeat rw [Finset.mem_insert] at step5                                        
  rw [Finset.mem_singleton] at step5                                            
                                                                                
                                                                                
  cases step5 with                                                              
  | inl a => rw [Prod.mk.injEq] at a; linarith                                  
  | inr b => cases b with                                                       
    | inl a => rw [Prod.mk.injEq] at a; linarith                                
    | inr b => cases b with                                                     
      | inl a => rw [Prod.mk.injEq] at a; linarith                              
      | inr b => cases b with                                                   
        | inl a => rw [Prod.mk.injEq] at a; omega                               
        | inr b => cases b with                                                 
          | inl a => rw [Prod.mk.injEq] at a; linarith                          
          | inr a => rw [Prod.mk.injEq] at a; omega                             
INFO     [5a086e1a] Response summary for                            check.py:227
         f3b513bd337249a6a78355fb62ed8f34 body →                                
         {                                                                      
           "id": "f3b513bd337249a6a78355fb62ed8f34",                            
           "has_response": true,                                                
           "response_keys": [                                                   
             "env",                                                             
             "infotree"                                                         
           ],                                                                   
           "error": null,                                                       
           "time": 2.351,                                                       
           "diagnostics": {                                                     
             "repl_uuid": "5a086e1a-eb31-4b6e-a9ed-6ec9c194432c",               
             "cpu_max": 99.99999999907804,                                      
             "memory_max": 4236460032.0                                         
           }                                                                    
         }                                                                      
INFO     [5a086e1a] Released!                                     manager.py:192
INFO     ← response                                                  main.py:142
INFO     127.0.0.1:48808 - "POST /api/check HTTP/1.1" 200       __init__.py:1762
INFO     → request                                                   main.py:140
INFO     ← response                                                  main.py:142
INFO     127.0.0.1:59184 - "GET /health HTTP/1.1" 200           __init__.py:1762
INFO     → request                                                   main.py:140
INFO     # Free = 4 | # Busy = 0 | # Max = 32                     manager.py:102
INFO     [e115987c] Reusing (started) REPL for                    manager.py:116
         b619beb7956640148775391086e3bdee                                       
INFO     [e115987c] Running snippet health-check:                     repl.py:53
#eval 1                                                                         
INFO     [e115987c] Running snippet b619beb7956640148775391086e3bdee: repl.py:53
set_option maxRecDepth 5000                                                     
theorem aime_735 {x y : ℕ} (h : x^2 + 84*x + 2008 = y^2) : x + y = 80 := by     
                                                                                
  have step1 : y^2 = (x + 42)^2 + 244 := calc                                   
    y^2 = x^2 + 84*x + 2008 := h.symm                                           
    _ = (x + 42)^2 + 244 := by linarith                                         
                                                                                
                                                                                
  have step2 : y^2 - (x + 42)^2 = 244 := by rw [step1]; omega                   
                                                                                
                                                                                
  have step3 : (y + (x + 42)) * (y - (x + 42)) = 244 := by rw [← Nat.sq_sub_sq,←
step2]                                                                          
                                                                                
                                                                                
  have step4 : Nat.divisorsAntidiagonal 244 = {(1,244), (2,122), (4,61), (61,4),
(122,2), (244,1) } := by                                                        
    rw [← @Nat.map_div_right_divisors (244 : ℕ)]                                
    decide                                                                      
                                                                                
                                                                                
  have step5 : (y + (x + 42), (y - (x + 42))) ∈ Nat.divisorsAntidiagonal 244 := 
   Nat.mem_divisorsAntidiagonal.mpr ⟨step3,by decide⟩                           
                                                                                
                                                                                
  rw [step4] at step5                                                           
  repeat rw [Finset.mem_insert] at step5                                        
  rw [Finset.mem_singleton] at step5                                            
                                                                                
                                                                                
  cases step5 with                                                              
  | inl a => rw [Prod.mk.injEq] at a; linarith                                  
  | inr b => cases b with                                                       
    | inl a => rw [Prod.mk.injEq] at a; linarith                                
    | inr b => cases b with                                                     
      | inl a => rw [Prod.mk.injEq] at a; linarith                              
      | inr b => cases b with                                                   
        | inl a => rw [Prod.mk.injEq] at a; omega                               
        | inr b => cases b with                                                 
          | inl a => rw [Prod.mk.injEq] at a; linarith                          
          | inr a => rw [Prod.mk.injEq] at a; omega                             
INFO      Response summary for b619beb7956640148775391086e3bdee     check.py:227
         body →                                                                 
         {                                                                      
           "id": "b619beb7956640148775391086e3bdee",                            
           "has_response": true,                                                
           "response_keys": [                                                   
             "env",                                                             
             "infotree"                                                         
           ],                                                                   
           "error": null,                                                       
           "time": 2.472,                                                       
           "diagnostics": {                                                     
             "repl_uuid": "e115987c-7ac0-437c-b009-c12a3cd7e791",               
             "cpu_max": 99.80237153121502,                                      
             "memory_max": 4243144704.0                                         
           }                                                                    
         }                                                                      
INFO     [e115987c] Released!                                     manager.py:192
INFO     ← response                                                  main.py:142
INFO     127.0.0.1:59192 - "POST /api/check HTTP/1.1" 200       __init__.py:1762
INFO     → request                                                   main.py:140
INFO     ← response                                                  main.py:142
INFO     127.0.0.1:47928 - "GET /health HTTP/1.1" 200           __init__.py:1762
INFO     → request                                                   main.py:140
INFO     # Free = 4 | # Busy = 0 | # Max = 32                     manager.py:102
INFO     [4481dd3c] Reusing (started) REPL for                    manager.py:116
         138ae08609b140f2b93b9f315130e2e8                                       
INFO     [4481dd3c] Running snippet health-check:                     repl.py:53
#eval 1                                                                         
INFO     [4481dd3c] Running snippet 138ae08609b140f2b93b9f315130e2e8: repl.py:53
set_option maxRecDepth 5000                                                     
theorem aime_735 {x y : ℕ} (h : x^2 + 84*x + 2008 = y^2) : x + y = 80 := by     
                                                                                
  have step1 : y^2 = (x + 42)^2 + 244 := calc                                   
    y^2 = x^2 + 84*x + 2008 := h.symm                                           
    _ = (x + 42)^2 + 244 := by linarith                                         
                                                                                
                                                                                
  have step2 : y^2 - (x + 42)^2 = 244 := by rw [step1]; omega                   
                                                                                
                                                                                
  have step3 : (y + (x + 42)) * (y - (x + 42)) = 244 := by rw [← Nat.sq_sub_sq,←
step2]                                                                          
                                                                                
                                                                                
  have step4 : Nat.divisorsAntidiagonal 244 = {(1,244), (2,122), (4,61), (61,4),
(122,2), (244,1) } := by                                                        
    rw [← @Nat.map_div_right_divisors (244 : ℕ)]                                
    decide                                                                      
                                                                                
                                                                                
  have step5 : (y + (x + 42), (y - (x + 42))) ∈ Nat.divisorsAntidiagonal 244 := 
   Nat.mem_divisorsAntidiagonal.mpr ⟨step3,by decide⟩                           
                                                                                
                                                                                
  rw [step4] at step5                                                           
  repeat rw [Finset.mem_insert] at step5                                        
  rw [Finset.mem_singleton] at step5                                            
                                                                                
                                                                                
  cases step5 with                                                              
  | inl a => rw [Prod.mk.injEq] at a; linarith                                  
  | inr b => cases b with                                                       
    | inl a => rw [Prod.mk.injEq] at a; linarith                                
    | inr b => cases b with                                                     
      | inl a => rw [Prod.mk.injEq] at a; linarith                              
      | inr b => cases b with                                                   
        | inl a => rw [Prod.mk.injEq] at a; omega                               
        | inr b => cases b with                                                 
          | inl a => rw [Prod.mk.injEq] at a; linarith                          
          | inr a => rw [Prod.mk.injEq] at a; omega                             
INFO     [4481dd3c] Response summary for                            check.py:227
         138ae08609b140f2b93b9f315130e2e8 body →                                
         {                                                                      
           "id": "138ae08609b140f2b93b9f315130e2e8",                            
           "has_response": true,                                                
           "response_keys": [                                                   
             "env",                                                             
             "infotree"                                                         
           ],                                                                   
           "error": null,                                                       
           "time": 3.128,                                                       
           "diagnostics": {                                                     
             "repl_uuid": "4481dd3c-cf07-42e6-aed4-741a1eaae857",               
             "cpu_max": 100.1984127069297,                                      
             "memory_max": 4247949312.0                                         
           }                                                                    
         }                                                                      
INFO     [4481dd3c] Released!                                     manager.py:192
INFO     ← response                                                  main.py:142
INFO     127.0.0.1:47936 - "POST /api/check HTTP/1.1" 200       __init__.py:1762
INFO     → request                                                   main.py:140
INFO     ← response                                                  main.py:142
INFO     127.0.0.1:53020 - "GET /health HTTP/1.1" 200           __init__.py:1762
INFO     → request                                                   main.py:140
INFO     # Free = 4 | # Busy = 0 | # Max = 32                     manager.py:102
INFO     [f6835c9b] Reusing (started) REPL for                    manager.py:116
         838653b02e5c49a4a9ac0f4f96220ef4                                       
INFO     [f6835c9b] Running snippet health-check:                     repl.py:53
#eval 1                                                                         
INFO     [f6835c9b] Running snippet 838653b02e5c49a4a9ac0f4f96220ef4: repl.py:53
set_option maxRecDepth 5000                                                     
theorem aime_735 {x y : ℕ} (h : x^2 + 84*x + 2008 = y^2) : x + y = 80 := by     
                                                                                
  have step1 : y^2 = (x + 42)^2 + 244 := calc                                   
    y^2 = x^2 + 84*x + 2008 := h.symm                                           
    _ = (x + 42)^2 + 244 := by linarith                                         
                                                                                
                                                                                
  have step2 : y^2 - (x + 42)^2 = 244 := by rw [step1]; omega                   
                                                                                
                                                                                
  have step3 : (y + (x + 42)) * (y - (x + 42)) = 244 := by rw [← Nat.sq_sub_sq,←
step2]                                                                          
                                                                                
                                                                                
  have step4 : Nat.divisorsAntidiagonal 244 = {(1,244), (2,122), (4,61), (61,4),
(122,2), (244,1) } := by                                                        
    rw [← @Nat.map_div_right_divisors (244 : ℕ)]                                
    decide                                                                      
                                                                                
                                                                                
  have step5 : (y + (x + 42), (y - (x + 42))) ∈ Nat.divisorsAntidiagonal 244 := 
   Nat.mem_divisorsAntidiagonal.mpr ⟨step3,by decide⟩                           
                                                                                
                                                                                
  rw [step4] at step5                                                           
  repeat rw [Finset.mem_insert] at step5                                        
  rw [Finset.mem_singleton] at step5                                            
                                                                                
                                                                                
  cases step5 with                                                              
  | inl a => rw [Prod.mk.injEq] at a; linarith                                  
  | inr b => cases b with                                                       
    | inl a => rw [Prod.mk.injEq] at a; linarith                                
    | inr b => cases b with                                                     
      | inl a => rw [Prod.mk.injEq] at a; linarith                              
      | inr b => cases b with                                                   
        | inl a => rw [Prod.mk.injEq] at a; omega                               
        | inr b => cases b with                                                 
          | inl a => rw [Prod.mk.injEq] at a; linarith                          
          | inr a => rw [Prod.mk.injEq] at a; omega                             
INFO      Response summary for 838653b02e5c49a4a9ac0f4f96220ef4     check.py:227
         body →                                                                 
         {                                                                      
           "id": "838653b02e5c49a4a9ac0f4f96220ef4",                            
           "has_response": true,                                                
           "response_keys": [                                                   
             "env",                                                             
             "infotree"                                                         
           ],                                                                   
           "error": null,                                                       
           "time": 2.34,                                                        
           "diagnostics": {                                                     
             "repl_uuid": "f6835c9b-3a8f-4644-ac51-5c911f051071",               
             "cpu_max": 100.49261082452927,                                     
             "memory_max": 4373123072.0                                         
           }                                                                    
         }                                                                      
INFO     [f6835c9b] Released!                                     manager.py:192
INFO     ← response                                                  main.py:142
INFO     127.0.0.1:53026 - "POST /api/check HTTP/1.1" 200       __init__.py:1762
INFO     → request                                                   main.py:140
INFO     ← response                                                  main.py:142
INFO     127.0.0.1:58756 - "GET /health HTTP/1.1" 200           __init__.py:1762
INFO     → request                                                   main.py:140
INFO     # Free = 4 | # Busy = 0 | # Max = 32                     manager.py:102
INFO     [5a086e1a] Reusing (started) REPL for                    manager.py:116
         9b365957cd0644c5ac6524a42c2ca5a6                                       
INFO     [5a086e1a] Running snippet health-check:                     repl.py:53
#eval 1                                                                         
INFO     [5a086e1a] Running snippet 9b365957cd0644c5ac6524a42c2ca5a6: repl.py:53
set_option maxRecDepth 5000                                                     
theorem aime_735 {x y : ℕ} (h : x^2 + 84*x + 2008 = y^2) : x + y = 80 := by     
                                                                                
  have step1 : y^2 = (x + 42)^2 + 244 := calc                                   
    y^2 = x^2 + 84*x + 2008 := h.symm                                           
    _ = (x + 42)^2 + 244 := by linarith                                         
                                                                                
                                                                                
  have step2 : y^2 - (x + 42)^2 = 244 := by rw [step1]; omega                   
                                                                                
                                                                                
  have step3 : (y + (x + 42)) * (y - (x + 42)) = 244 := by rw [← Nat.sq_sub_sq,←
step2]                                                                          
                                                                                
                                                                                
  have step4 : Nat.divisorsAntidiagonal 244 = {(1,244), (2,122), (4,61), (61,4),
(122,2), (244,1) } := by                                                        
    rw [← @Nat.map_div_right_divisors (244 : ℕ)]                                
    decide                                                                      
                                                                                
                                                                                
  have step5 : (y + (x + 42), (y - (x + 42))) ∈ Nat.divisorsAntidiagonal 244 := 
   Nat.mem_divisorsAntidiagonal.mpr ⟨step3,by decide⟩                           
                                                                                
                                                                                
  rw [step4] at step5                                                           
  repeat rw [Finset.mem_insert] at step5                                        
  rw [Finset.mem_singleton] at step5                                            
                                                                                
                                                                                
  cases step5 with                                                              
  | inl a => rw [Prod.mk.injEq] at a; linarith                                  
  | inr b => cases b with                                                       
    | inl a => rw [Prod.mk.injEq] at a; linarith                                
    | inr b => cases b with                                                     
      | inl a => rw [Prod.mk.injEq] at a; linarith                              
      | inr b => cases b with                                                   
        | inl a => rw [Prod.mk.injEq] at a; omega                               
        | inr b => cases b with                                                 
          | inl a => rw [Prod.mk.injEq] at a; linarith                          
          | inr a => rw [Prod.mk.injEq] at a; omega                             
INFO     [5a086e1a] Response summary for                            check.py:227
         9b365957cd0644c5ac6524a42c2ca5a6 body →                                
         {                                                                      
           "id": "9b365957cd0644c5ac6524a42c2ca5a6",                            
           "has_response": true,                                                
           "response_keys": [                                                   
             "env",                                                             
             "infotree"                                                         
           ],                                                                   
           "error": null,                                                       
           "time": 2.383,                                                       
           "diagnostics": {                                                     
             "repl_uuid": "5a086e1a-eb31-4b6e-a9ed-6ec9c194432c",               
             "cpu_max": 100.0991080199892,                                      
             "memory_max": 4277645312.0                                         
           }                                                                    
         }                                                                      
INFO     [5a086e1a] Released!                                     manager.py:192
INFO     ← response                                                  main.py:142
INFO     127.0.0.1:58764 - "POST /api/check HTTP/1.1" 200       __init__.py:1762
INFO     → request                                                   main.py:140
INFO     ← response                                                  main.py:142
INFO     127.0.0.1:49822 - "GET /health HTTP/1.1" 200           __init__.py:1762
INFO     → request                                                   main.py:140
INFO     # Free = 4 | # Busy = 0 | # Max = 32                     manager.py:102
INFO     [e115987c] Reusing (started) REPL for                    manager.py:116
         efb482c31826406f969ee26c42d9ef7d                                       
INFO     [e115987c] Running snippet health-check:                     repl.py:53
#eval 1                                                                         
INFO     [e115987c] Running snippet efb482c31826406f969ee26c42d9ef7d: repl.py:53
set_option maxRecDepth 5000                                                     
theorem aime_735 {x y : ℕ} (h : x^2 + 84*x + 2008 = y^2) : x + y = 80 := by     
                                                                                
  have step1 : y^2 = (x + 42)^2 + 244 := calc                                   
    y^2 = x^2 + 84*x + 2008 := h.symm                                           
    _ = (x + 42)^2 + 244 := by linarith                                         
                                                                                
                                                                                
  have step2 : y^2 - (x + 42)^2 = 244 := by rw [step1]; omega                   
                                                                                
                                                                                
  have step3 : (y + (x + 42)) * (y - (x + 42)) = 244 := by rw [← Nat.sq_sub_sq,←
step2]                                                                          
                                                                                
                                                                                
  have step4 : Nat.divisorsAntidiagonal 244 = {(1,244), (2,122), (4,61), (61,4),
(122,2), (244,1) } := by                                                        
    rw [← @Nat.map_div_right_divisors (244 : ℕ)]                                
    decide                                                                      
                                                                                
                                                                                
  have step5 : (y + (x + 42), (y - (x + 42))) ∈ Nat.divisorsAntidiagonal 244 := 
   Nat.mem_divisorsAntidiagonal.mpr ⟨step3,by decide⟩                           
                                                                                
                                                                                
  rw [step4] at step5                                                           
  repeat rw [Finset.mem_insert] at step5                                        
  rw [Finset.mem_singleton] at step5                                            
                                                                                
                                                                                
  cases step5 with                                                              
  | inl a => rw [Prod.mk.injEq] at a; linarith                                  
  | inr b => cases b with                                                       
    | inl a => rw [Prod.mk.injEq] at a; linarith                                
    | inr b => cases b with                                                     
      | inl a => rw [Prod.mk.injEq] at a; linarith                              
      | inr b => cases b with                                                   
        | inl a => rw [Prod.mk.injEq] at a; omega                               
        | inr b => cases b with                                                 
          | inl a => rw [Prod.mk.injEq] at a; linarith                          
          | inr a => rw [Prod.mk.injEq] at a; omega                             
INFO      Response summary for efb482c31826406f969ee26c42d9ef7d     check.py:227
         body →                                                                 
         {                                                                      
           "id": "efb482c31826406f969ee26c42d9ef7d",                            
           "has_response": true,                                                
           "response_keys": [                                                   
             "env",                                                             
             "infotree"                                                         
           ],                                                                   
           "error": null,                                                       
           "time": 2.419,                                                       
           "diagnostics": {                                                     
             "repl_uuid": "e115987c-7ac0-437c-b009-c12a3cd7e791",               
             "cpu_max": 100.89020769784685,                                     
             "memory_max": 4250284032.0                                         
           }                                                                    
         }                                                                      
INFO     [e115987c] Released!                                     manager.py:192
INFO     ← response                                                  main.py:142
INFO     127.0.0.1:49836 - "POST /api/check HTTP/1.1" 200       __init__.py:1762
